num_pairs,total_persistence,max_life,entropy,quality,h1_lifetime
3,8.181774691163909,4.571105269401743,0.94565633700134,5,6.599415126449507
3,3.944113863228652,2.567139413930965,0.8553052007668781,5,6.9426670754352715
3,1.9668568970402285,1.0546797673905348,0.8676440859304397,5,5.0751998667768055
2,5.584734882799408,3.982369146172922,0.5993697720963455,6,6.5855174242809165
3,8.181774691163909,4.571105269401743,0.94565633700134,5,6.599415126449507
4,8.263325068707156,4.263861525903504,1.0000005871255282,5,6.212768807325979
4,9.075102816245085,3.1391251685983894,1.3302891072299552,5,6.434364123917771
3,7.957639027138701,4.023730820611663,0.992083868840561,7,7.248898688278805
3,5.184135787154704,2.3756641384866617,1.0464615948515192,7,6.624956288730784
2,8.719634939347563,6.9710548779379975,0.5011413048517657,5,7.524334163092103
4,8.798267939576812,3.676922436511238,1.2887101927147506,5,5.294971482494573
2,8.719634939347563,6.9710548779379975,0.5011413048517657,5,7.524334163092103
3,11.322435459137022,5.326987419855183,0.8826462727552475,5,7.381725538947869
4,40.569312714982864,11.211082162820093,1.3809112778441723,5,14.253853098655723
3,14.864165051545932,7.9674827988744195,0.773414158841685,5,16.22300767710003
3,15.731879428071773,8.553535398058564,0.7991455335540409,5,16.249517365316215
2,7.211589803471715,4.619372024678624,0.6531020351620191,7,8.296520214004747
4,23.16913293568846,15.210513049837264,0.9864494972943542,5,19.58761268927473
4,9.907825164399396,4.669437239786865,1.249766558766936,4,7.719849238195144
3,18.7459619636358,12.53004838735332,0.859530555485672,6,15.645793327336836
4,5.828166444799779,2.7023555958401495,1.2221081098278406,6,8.248555128036273
3,9.07735019569885,3.2863569034549345,1.095848615886168,5,6.137663836123819
4,11.341235376318743,4.3766842140487,1.3259274859377097,5,6.88049878326933
4,9.036885736320727,3.821966134055058,1.1635352176833327,5,5.302030907472329
4,4.840120741452957,3.3283981546756927,0.8744564524792535,6,3.942366726064131
4,7.309519241196042,3.821788169441665,1.1559243223661353,5,6.16393382143571
4,5.384588024266954,2.6374555671930167,1.052672109397777,5,6.644676377666395
4,11.341235376318743,4.3766842140487,1.3259274859377097,5,6.88049878326933
4,7.526994496604687,3.251196162713261,1.038943102300813,5,6.176171929586981
3,4.034147740044659,1.770570164293019,1.0408841995256612,6,6.460275551238333
4,3.6127009978106175,1.9170228527656563,0.8205049810768087,5,6.189893381436452
3,3.561046651972112,2.572757184700275,0.7255490665852349,6,6.092981008239867
3,7.160082434327299,4.264246867262305,0.8771058347611216,5,7.266072717414717
3,12.48313376914477,10.626049807934695,0.5183328309844717,6,17.88090703064281
4,8.924042934422994,3.4174242383788203,1.2520802417397043,5,5.137973985310152
4,5.625452577568563,4.648274047841376,0.6018793114118853,6,9.101289684014318
3,6.2227195387081125,3.2278561601351594,0.8444459552346306,6,5.34058566916382
4,4.017449197584855,1.2733631463126152,1.3582877558830149,7,4.915911363332034
3,8.876564747606501,5.11230355482764,0.9753555805428149,4,11.632507392007401
3,7.762742159786202,5.821077460051788,0.5755884537441767,5,7.6884644362618975
3,7.762742159786202,5.821077460051788,0.5755884537441767,5,7.6884644362618975
4,9.937600145158775,3.5143295081522306,1.3524675339921857,4,4.143327255476828
2,9.584589319666671,8.963097423663624,0.24008985795788915,6,14.08443608855415
4,23.073980163478232,7.630319107825958,1.3607329027644064,5,9.204073356307614
3,9.565224430911826,4.235280528267874,1.0420261980416483,5,7.907171516902877
3,22.51454973942399,12.164073940530903,0.9717106039658066,4,14.986261644568387
2,9.56618325113767,5.832876088928535,0.6688646418244095,5,8.979721609661201
4,4.126225547068968,1.5165895109189622,1.1605479966492198,5,6.888868933589955
4,7.877155129955556,3.7112391205884414,1.0956035733085272,5,7.181412629365999
3,8.835777014943181,4.989429127747371,0.8621185834971028,5,6.618496281120253
4,8.269310757394553,5.594953528016527,0.9334440706904961,5,6.832220121032988
3,6.9147795185223,2.870941338599122,1.0838738115664062,6,6.819796169168169
3,7.19970833728331,3.089299021537922,1.0737975991162871,6,7.002958957698225
3,9.790588731512221,5.189108882991502,0.7218173681690334,5,8.678664868540247
2,7.151569651570249,3.7131688410258805,0.6924089252872095,6,6.454230369816354
4,8.083298080707054,3.5774028993391336,1.0727088695817555,5,5.393537538212344
3,9.237169591522232,6.22355613757416,0.6965279476442103,5,8.34838005629403
2,12.321250512396759,8.532380838368102,0.6170913445582955,5,12.482452908518786
3,5.094563139037859,2.556107750506584,0.9786014829956258,5,3.3605059367798717
4,8.18308820838421,2.948774370365794,1.1971045681478114,6,4.9194928246297955
4,8.52223820045863,3.814531513860185,1.121487244703161,5,4.940522841536722
3,10.20811498100112,5.748780277882383,0.7691362309964871,5,6.6361999686477855
4,5.889923505965371,2.278093653626778,1.2009879422130134,7,3.842163081895549
3,4.23270769353116,1.5080768278330212,1.096938040826532,5,5.314321637304792
3,10.925020582925487,5.872041123910578,0.9944493461820121,5,8.553617985852213
3,10.925020582925487,5.872041123910578,0.9944493461820121,5,8.553617985852213
3,6.476735240926903,2.591117059352057,1.0642639135539078,5,4.540206300552056
3,5.2798722877253415,2.5636028251900234,0.994498400345058,5,6.122257708086675
4,4.22764057649807,2.420476830527557,0.845355745143036,5,6.3340946372371745
4,11.277198766909171,4.470037500945981,1.2275947498049788,6,6.988869393614972
4,6.367099512023925,2.2318705672930386,1.3457461493068708,6,5.234118111567868
4,7.974380565153427,3.315346686537624,1.2049676788976864,5,7.3073403051608095
4,7.886687348729268,3.2029541375302877,1.172515867224633,5,7.435872933908183
4,9.271596919139608,3.2591696784808266,1.330205265842022,4,4.936313923859833
4,6.503473155009063,2.786790813723064,1.1396065418453767,5,8.5775394025855
3,7.459329242948561,3.0068304333957023,1.0532128476637685,5,7.473160801504513
3,7.459329242948561,3.0068304333957023,1.0532128476637685,5,7.473160801504513
3,6.019415692054631,2.7295517062998425,1.047818919097813,6,6.848034460308186
3,4.875106058533735,3.092480204736291,0.8377011536773011,5,6.682652132604492
4,22.739759333976007,8.81718227994861,1.2091039572331381,4,9.973433933148161
3,9.968051130666016,4.624397288735455,1.0129018561404763,5,6.603491254849348
4,21.38260026701692,16.914100451894928,0.7112609356302411,5,24.331790930920384
4,9.463705140241409,4.067851919503649,1.2462957256253409,5,4.889630614004627
4,16.88924135872468,14.546855612472438,0.5195758255082401,5,19.99664437387733
3,5.439330612717341,2.7612245000299698,0.9328193862332561,6,4.890482711443989
3,4.141006362461874,2.8306995870839886,0.7699165869250881,5,2.982535365047743
4,56.850699415314224,19.284125943722387,1.3341203291543853,6,21.776992125651454
3,6.537755119146055,3.245164256612861,0.9497643344748194,5,3.4042053146734625
4,23.86732645944543,8.7294863182931,1.2252252457086896,5,13.702020061174279
4,10.619440626140747,5.41552226484234,1.0748085658901485,5,7.060804471495755
2,14.233503404227495,8.360711709252362,0.677792088835847,5,10.095737139580844
4,56.850699415314224,19.284125943722387,1.3341203291543853,6,21.776992125651454
4,58.243399846064655,19.59952925066873,1.3404947719839029,5,22.075007362886616
3,6.537755119146055,3.245164256612861,0.9497643344748194,5,3.4042053146734625
3,15.330395517386968,11.364598329166007,0.5927958875808748,4,13.230542305784294
3,22.200702177025665,12.521683542245876,0.9758667782847673,6,14.092653788030054
3,5.188171456171281,2.2898702749926896,1.060591968683961,5,6.265917248543302
4,6.972169468869297,3.254843842268456,1.1001117154734086,5,6.495896416004144
3,6.368299418100404,3.515277153867891,0.9005776695993026,5,6.1148934412508815
4,9.63714171596852,3.086597650897648,1.3480303112951477,6,4.591683806785726
3,3.574435510910356,1.6437563012852134,1.01857682046614,6,3.0460930319887067
3,3.8125304437025047,2.512788463005549,0.6429363147181959,6,4.361345683439198
4,9.63714171596852,3.086597650897648,1.3480303112951477,6,4.591683806785726
4,9.89189444631922,3.4687704447185572,1.3517597438678084,5,4.871805029695041
4,9.417821509914203,3.368003212656505,1.279501480201732,5,5.84199694656715
4,9.89189444631922,3.4687704447185572,1.3517597438678084,5,4.871805029695041
4,22.837663724459595,17.142104413100142,0.7926152358285204,5,24.76512175159887
4,8.850963076924646,3.6621704763982263,1.196327518240635,5,5.811145757253005
4,6.536746499014496,3.237236067311802,1.212170173377718,6,6.295676450665351
2,15.144002684083214,8.88772529480509,0.6779737120494727,5,10.892323680938159
4,12.582738549697716,4.346463645443322,1.3434352981404174,5,6.340090232152911
3,7.48534268844923,4.294574394255619,0.8715585715458306,5,7.142609513265989
3,7.900907533250395,4.53147722276832,0.8732117410608078,5,6.915452123816479
3,5.958470160191724,2.6148854267076986,1.008974718196985,6,5.303953130441862
4,12.582738549697716,4.346463645443322,1.3434352981404174,5,6.340090232152911
3,8.40603193190428,3.7244778918429264,1.0371259997826257,6,4.520889484071161
4,4.041864581522656,2.6175952987903948,0.7383540694435426,6,3.2351122457590638
4,8.449453197121018,3.436949180841411,1.1928866180989264,6,5.991224615821345
3,4.207767992935553,1.5569719754760063,1.0907863688486032,6,4.168107550731325
4,7.82740594553757,3.9334344125919247,1.0544543212420066,6,7.537820308774357
4,5.01879760026993,3.2183489189779104,1.0005667732706696,5,12.280248088004033
3,4.207767992935553,1.5569719754760063,1.0907863688486032,6,4.168107550731325
3,10.124699143516548,6.0996911450869895,0.9227721973310001,5,8.164452983388562
4,7.339325505265567,3.8578045166736663,1.0239367487664566,5,6.045016785822915
4,9.971100031289843,4.810418657716388,0.8793397599594204,5,6.5255159701593115
3,7.064809056635968,5.37034125876462,0.7143159708125046,5,8.754037955406442
3,6.014684308943964,2.7836254025051015,1.0577251278212423,5,12.910997898261833
3,6.576905827919084,2.8626249953409033,1.0716967902579166,5,12.951711441948351
4,10.383436245310197,4.797181064709135,1.0920319247312773,7,7.15625080901339
3,8.395826211491702,3.624151233145484,1.0724042032137144,5,6.478029805287516
2,11.913874649126559,6.942987062016786,0.6793838888393803,5,8.988149913222166
3,19.364614497498827,9.372622100491167,1.0470348173418966,5,11.284080513555747
3,19.364614497498827,9.372622100491167,1.0470348173418966,5,11.284080513555747
3,4.920743853392599,3.823386124439839,0.596693993575401,6,6.253330039607933
2,3.789110712604115,2.4672642633454664,0.6467343356484314,6,7.209868797767408
4,7.879001898309365,2.8295736810601992,1.2096770277653979,5,5.835644980047562
4,6.033098055789879,3.171477753589893,1.1890912574061185,5,5.78029579796912
4,8.77495383344629,3.9308565709531176,1.0457557198844252,5,4.811806096157411
4,7.556572051597234,3.7430082096743282,0.8727799197943606,5,6.451342179219968
4,7.727929792093374,3.891907137487872,0.8532000389804109,5,6.590737846892693
4,7.879001898309365,2.8295736810601992,1.2096770277653979,5,5.835644980047562
4,6.033098055789879,3.171477753589893,1.1890912574061185,5,5.78029579796912
3,28.117020884450554,10.579253026234348,1.0918970293630388,6,14.996974331480473
3,6.985861449626596,3.0874098818060567,1.0679030444863737,5,7.252031611500687
3,28.117020884450554,10.579253026234348,1.0918970293630388,6,14.996974331480473
2,13.773146860114622,8.573512981028891,0.6628368190259709,5,8.820875640787333
3,9.456773518696199,4.683816874694691,0.7500343719222147,5,8.397746150232006
3,9.613185533275045,7.522890277329075,0.6698687368373367,5,10.068988442785308
3,4.450885113242364,2.059476693226872,1.0608665229850875,6,4.603685281010172
3,7.1063227638824085,2.6306606796801457,1.0941146111030267,6,5.418774809049488
2,5.945945398472848,3.9042427104060113,0.6432502483654624,6,5.976405869789502
4,46.044239905157625,23.951986551382614,1.158509320562815,4,44.0328118662257
3,6.922955948645923,3.8927275190798456,0.8086640182813933,5,7.383390264873618
3,6.922955948645923,3.8927275190798456,0.8086640182813933,5,7.383390264873618
2,9.25522894887692,7.5521255693943825,0.47742771751126944,5,9.311613403751611
2,9.066519176699098,7.424628342558584,0.4730480917505785,5,9.143004785041045
2,9.25522894887692,7.5521255693943825,0.47742771751126944,5,9.311613403751611
2,9.066519176699098,7.424628342558584,0.4730480917505785,5,9.143004785041045
3,9.340877431957983,3.990515278519609,1.0490733358432818,5,7.116350925010149
3,12.694901822003164,5.7990987182509945,1.061113883964134,6,6.736925910920197
3,6.2354268942751885,4.569782179720599,0.7605787004140053,5,6.89507070454849
4,19.239471971221903,8.698435878955374,1.2719950960697348,4,9.19622241495522
4,3.251021164695513,2.091778476086234,1.0391677630406444,6,4.638164379386517
2,13.180716280850735,8.895527274422923,0.6306617495529223,5,12.876183109150213
2,13.114230646826137,8.896126900446703,0.6281018928785296,5,12.506654294346928
3,8.044356732067879,4.19805591785036,0.88692327126495,5,5.956133985284241
4,5.31010262656614,2.8872174994350566,0.7814954459931215,5,7.075700053893467
4,11.386871353985981,4.7905951067382775,1.2707115543339296,4,6.347973696672623
3,6.72835200534524,3.612081520622593,0.9892276292026436,6,5.040221625003223
4,34.72850195609522,16.713132905957888,1.2368057695950492,5,24.601969387817114
4,14.775318153035494,5.803269086624518,1.247042614768477,4,9.737381831996327
4,7.472142671840948,3.27534435006961,1.1547118887674783,6,5.824815006803487
4,7.472142671840948,3.27534435006961,1.1547118887674783,6,5.824815006803487
3,7.594348825807818,3.419829347167755,1.0618672826518152,6,5.965544822727465
4,8.80070561535646,2.954232888005733,1.335529929958059,5,6.025239199521321
4,6.800816951704233,3.3989384156975686,1.226708708242294,5,5.269389653105537
4,8.80070561535646,2.954232888005733,1.335529929958059,5,6.025239199521321
3,9.825013501630831,3.9072914797201754,1.0619303822613018,6,5.265419435348305
3,8.101530379428402,4.436834161685531,0.9932546548801959,5,6.51146134429305
4,5.913611714747269,2.7366950679376507,1.1276758744401807,5,5.240773725160163
4,5.913611714747269,2.7366950679376507,1.1276758744401807,5,5.240773725160163
3,14.793343629392979,9.682341258681475,0.791515693442802,5,15.226323120075456
4,8.453043886221273,3.5052686415060146,1.1709658766811564,5,6.06409075855616
3,10.53844776880955,3.903587350160957,1.0903612032748047,5,5.96013364056987
3,10.285536959050043,4.139911592716283,1.0866531153051475,6,5.679917548241017
4,5.722898573613039,3.083047512150609,0.8851377415554083,5,7.198887731440353
4,8.07661339143736,3.685030457967947,1.2251439192703866,5,5.6874041806530276
4,7.66495767586904,3.62843221896176,1.1825832143928772,5,5.66718476881765
2,12.282759118839696,6.402104216942162,0.6922457487734018,5,8.046004100180863
2,12.051321426030977,6.484603617905175,0.6902438355614525,5,8.356443852940078
2,10.696447264111704,5.972264084836555,0.6863243260258697,5,6.887432067760032
3,8.79858001079048,4.364413269334794,1.0232910422299288,6,5.979524574914159
2,8.234473126408208,4.4740984204052765,0.6893861773700021,5,8.121913982332504
4,5.883568439441996,2.2843294904052787,1.241974413018589,5,4.577985936519883
4,5.883568439441996,2.2843294904052787,1.241974413018589,5,4.577985936519883
3,9.779237024831174,4.936852948518148,0.8769899060065955,5,7.157954076769567
3,5.919276191749917,2.685786176331175,1.0674379014630972,5,2.9903769643831195
4,11.27074664826322,4.303162527390097,1.2750195047510342,6,9.600091443068084
3,19.804335626489728,8.168719411664817,1.083945175075903,7,13.73362452878569
3,9.22226127785472,4.614962216612348,0.914402962646517,4,11.069499432934359
4,4.557459454788955,1.5730885485240655,1.3336276620336145,7,6.813811554420576
3,20.185735758529994,8.776588763424868,1.0397391103035338,5,13.441898353456397
4,8.233369772946968,3.8795196778373127,1.1951601132582894,5,4.54201317684822
4,8.47325954271408,2.7768309655620778,1.3690214712102755,5,5.03187912183011
4,8.149011341585737,2.661125826524193,1.3705563006787187,6,5.1093546083372345
3,5.933616393802447,3.5680364706745245,0.7454662866239704,7,8.883863002092802
3,5.933616393802447,3.5680364706745245,0.7454662866239704,7,8.883863002092802
3,11.083379589918366,6.105400710962598,0.8157347768385801,5,7.0572440117667075
3,6.928964409000339,3.4309520657747594,1.0001844151577992,5,5.81014967725833
4,6.123270123165344,2.9519345715485206,1.1168726943393255,7,9.03008764045873
4,14.178308302310278,6.217105210515841,1.2544320450522854,6,9.108635931612062
4,3.4354073840676054,1.8533149963356281,0.9905440530735776,6,4.73991562577154
2,3.5177978114496473,1.9371437273494023,0.6880035726474169,6,7.773754908642457
4,10.209263144721064,4.705246449538543,1.088337118666209,5,5.266256556029203
3,3.8251889589623866,2.393613887621191,0.9178150530740474,6,5.004098367104691
2,8.72677248538069,7.541634695444019,0.3972743132732831,5,8.775090705849106
3,6.955390828035554,2.349533958520632,1.0985614929532768,5,4.701696426833954
4,9.149666590058807,2.943380933309763,1.2951980822816123,5,5.2597191798697915
3,7.159177593624376,2.7061038891106937,1.0799916452456255,5,4.3381136267207925
2,12.039555876766169,6.409474153856199,0.6910503411119534,5,7.2725402683105775
4,5.649936740413467,2.243593343455142,1.3221267884075503,6,5.600353206222548
3,9.279241727638503,4.415306322862982,1.0542634710674976,5,4.970527776694447
3,8.091993288761703,3.2591385527878995,1.0527465398177969,5,7.582631529031365
3,5.589671756694922,2.7514806743012183,0.9088479563721862,6,4.094697280031344
4,2.6924992248404074,1.1037931236986327,1.1730537403361132,4,3.263606829007327
3,4.249482559609424,2.1250440923703096,0.703694960131537,6,4.79413082562489
4,36.49695176995256,16.65050199779698,1.2398354126632891,6,23.75940454575356
3,4.6625857164795566,3.7845169120511644,0.5711147556994399,5,5.862238326953102
3,4.249482559609424,2.1250440923703096,0.703694960131537,6,4.79413082562489
3,9.105126153583043,3.4304869509254052,1.0922450342543055,5,4.016651679140097
3,17.581363340462865,8.14822899160509,1.0408286218570004,7,10.279140000213122
4,5.405319468573849,2.188067913043471,1.1151960261574911,6,5.0961436634852495
4,5.019688699202927,2.143715645899838,1.0878732739848913,6,4.3515047355052285
3,9.105126153583043,3.4304869509254052,1.0922450342543055,5,4.016651679140097
4,7.2171602419351295,3.1330778708035742,1.1585902831033896,6,8.812814042623145
4,8.419547278968547,2.5190689777751905,1.3492381604945112,6,6.148887298674673
4,8.419547278968547,2.5190689777751905,1.3492381604945112,6,6.148887298674673
4,7.153378806641966,2.1160614669315976,1.3440032200330998,6,5.690517986920604
4,8.419547278968547,2.5190689777751905,1.3492381604945112,6,6.148887298674673
4,7.2171602419351295,3.1330778708035742,1.1585902831033896,6,8.812814042623145
4,16.354659957942296,8.19430392496605,1.1363522386233442,5,15.64697400681995
3,6.302059506329304,4.973806790469213,0.5851245579131978,6,7.937974797390338
3,10.887959038506576,4.551213349480777,1.0546224449430268,6,9.636771969439778
3,13.140032346503084,6.103939218923997,1.0595067614284106,7,10.314636444449107
3,13.140032346503084,6.103939218923997,1.0595067614284106,7,10.314636444449107
4,13.57299944636579,7.449588183462595,0.994025616140356,6,9.820895665940814
4,7.268706531102212,2.8962880494645598,1.2672773043997534,5,5.19060783009676
4,11.088955212977446,4.61761491967974,1.2506496756748853,5,6.300974415590018
4,7.097985960870734,2.615119706188157,1.2076416743385394,6,5.837227280645001
4,13.57299944636579,7.449588183462595,0.994025616140356,6,9.820895665940814
4,4.795060216716915,2.5497469990273984,0.9305838370388229,6,6.410734063424753
3,5.006913601047275,2.393903982599807,0.9760297540166631,6,4.886687475276711
3,7.933196864877555,4.440052309744868,0.9575303898771539,5,6.742203922176337
4,5.648508170288249,2.9192487828367923,1.0410928214280124,5,6.931452105150639
3,5.006913601047275,2.393903982599807,0.9760297540166631,6,4.886687475276711
3,9.398063293549052,5.379516382840013,0.8571444795791088,5,7.16064685017259
3,7.617497307891886,3.6037394869337427,1.056659734847062,5,7.404184672196888
4,7.566641064137426,3.6351940821692876,1.1161271488193159,5,6.367054363836654
4,21.4617177960606,20.002008918664338,0.30747692193643433,5,29.85255514948844
3,7.958330929359453,3.6304928334126894,1.0537825582035936,7,6.949892481974961
4,6.435121851841803,2.170939356138229,1.3377814771209449,5,4.539027648076494
3,3.56211354773703,1.6369543700209896,0.9462426301500495,4,9.006516865532028
3,3.3387324189018237,1.5834300934312842,1.0098843473758579,5,5.295669905015071
4,6.472695268307736,2.7099824618654633,1.2255514861326515,5,4.887826714860715
3,11.591917263230066,5.409312916891148,0.9987496969320848,5,9.603233351610688
2,2.416490145192717,1.4534718177979287,0.6724067876792473,7,7.682277217637469
3,12.544726297684093,5.761652254509174,1.056824268400241,4,10.431880890915044
4,17.33360876792146,5.634033713221415,1.3601892164485139,8,8.242612208587381
4,14.539204173756387,9.033217413540985,0.9037949477709728,6,10.086655732405674
3,13.010144957716673,5.0060357710535035,1.0774530117600376,6,11.021128669049535
2,2.5752558919858344,1.5373767723536793,0.6742171087997778,6,5.34276896871281
3,13.010144957716673,5.0060357710535035,1.0774530117600376,6,11.021128669049535
3,7.2090033029568215,3.3431682996259573,1.061849537609787,5,7.838237577144916
4,5.785362918727818,2.350905215842771,1.2072466088239557,5,4.593820182391189
2,9.816546430076372,6.4159989214013144,0.6451957663648045,5,11.38432743966718
2,2.5752558919858344,1.5373767723536793,0.6742171087997778,6,5.34276896871281
4,14.539204173756387,9.033217413540985,0.9037949477709728,6,10.086655732405674
3,13.010144957716673,5.0060357710535035,1.0774530117600376,6,11.021128669049535
4,13.427822028778362,6.504636701803577,1.0713808099244901,8,11.879593671427864
3,7.43557142148327,5.344846849984197,0.7700924553291413,7,7.540482540360005
3,10.696516552135062,5.379361040311132,0.9904997049536876,6,9.18423503780344
4,15.848928054390568,13.447980665085652,0.5121234012216658,7,16.168337882832237
4,9.563560724813028,3.9504879110086293,1.3088127468024027,5,4.292701043819036
3,7.43557142148327,5.344846849984197,0.7700924553291413,7,7.540482540360005
3,7.5783258530170405,6.209658193089484,0.5644477282771824,5,8.263394340011777
3,7.5783258530170405,6.209658193089484,0.5644477282771824,5,8.263394340011777
3,10.742722999591379,5.673715393346478,0.9652484038251233,6,7.109485936564001
2,4.527522944724944,2.479798280949927,0.6885865456539704,6,4.284783441728869
4,7.752271631479168,3.3881955467616214,1.3019867086585502,7,4.762440198183524
4,12.702725902738557,5.393807518859486,1.1121283544567322,5,14.059420808032328
4,7.752271631479168,3.3881955467616214,1.3019867086585502,7,4.762440198183524
1,11.073633055568363,11.073633055568363,-0.0,5,11.837918196840942
3,8.681015077746927,3.547607733166932,1.0830388000762567,6,3.579883907231438
3,5.036339453755907,2.5393281350140633,0.7689569344221516,6,5.0995675589248
3,16.200064457962625,7.280541622605613,1.0664469668297676,6,9.789351660489233
3,14.034143416840507,5.6417768335971585,1.087331757813183,5,8.380628667252582
4,7.151504260370666,5.437455465365667,0.7160041919431309,5,6.006223058161911
3,12.601251884668027,7.408427966428131,0.9491720181709975,5,7.87324360004744
3,13.395136770126681,8.086842175227527,0.9342391825355221,5,9.146769637608692
3,12.763845555769851,7.182096481349932,0.9778324134414027,5,7.900846891940654
4,2.8131400149937154,1.4680145308081929,1.0037097619659656,6,3.307368304143526
3,1.9876153367855462,1.343487551635274,0.7710303195371992,6,7.500696945401863
3,10.24258027060419,4.945985845653079,1.050964514445237,5,6.037518471996582
4,5.935571474519168,4.39621475660841,0.8556099635229678,5,8.494022863158795
4,9.429022890394583,5.207611216547438,1.0863280980371592,5,6.8653037489843705
3,12.498869141084885,5.486539187971475,1.0726320124934066,6,7.974299388619815
4,9.044359057388203,3.4674194882738703,1.2271936879797298,5,4.347965746796014
3,11.470336813648546,7.917014385234433,0.8284222074327712,6,8.389663557031403
3,11.492171113727208,7.823047110072596,0.8434267225212055,6,8.61142407865599
4,7.1530758419169995,3.1120382463963177,1.1622095434654338,6,5.9193419227583535
3,12.498869141084885,5.486539187971475,1.0726320124934066,6,7.974299388619815
4,8.898225055434477,4.208557187143387,0.8939309439619447,6,6.096628238486124
3,7.246018578360457,3.9808509735232063,0.6892583313749832,6,5.627912473656383
2,12.05597731079147,6.2530065729203725,0.6924502969358453,5,8.507939860160324
3,5.847375909104855,3.4760541178283515,0.8411678273612508,5,3.8470179191972416
3,4.234386620726539,2.5243294218694814,0.9239756671780839,6,3.8020721805242212
2,8.532793529628137,6.249015877038401,0.5809045475567678,5,8.413612403407345
3,4.475681333999654,3.6332740818262965,0.5380797443510086,6,7.1068903391297145
4,6.89354301238117,3.4340922653330184,1.020148377143158,7,6.384234203983567
3,4.475681333999654,3.6332740818262965,0.5380797443510086,6,7.1068903391297145
4,6.89354301238117,3.4340922653330184,1.020148377143158,7,6.384234203983567
3,8.164427693356656,5.4077105126601,0.6872288233507711,5,6.854577517251402
4,6.25962495579698,3.252697243765835,0.9011761369113415,5,6.415968603086322
2,7.244417764222453,4.144966270110482,0.6826965852805231,6,8.136489077717062
2,15.355855384312273,14.180133828052277,0.27029876040399214,6,16.37668004515619
2,15.355855384312273,14.180133828052277,0.27029876040399214,6,16.37668004515619
3,9.875529613078854,5.8657418799527665,0.950599482505259,7,8.427862692694758
3,10.451141704433105,5.734293207395362,0.9744867281221585,5,7.319190743956838
3,9.194417241773817,3.4961033304286815,1.0888853380477344,6,10.25965139831104
3,7.5918845139598226,4.109315599905748,1.007672220931781,5,6.324866159360783
4,12.908961245683923,6.101134633512322,1.2451641052757683,6,7.651008500324618
4,12.908961245683923,6.101134633512322,1.2451641052757683,6,7.651008500324618
3,10.298621864912002,5.522362819941801,0.7910465722333436,6,6.760735126624902
4,7.186883124962746,3.658889101000223,1.0325141054663272,5,5.750434220397901
4,7.472191158036541,2.7051274373066243,1.3507386266094468,7,5.791312985288313
4,12.541738038231466,5.314907311714705,1.2147191491515286,7,9.992735031056437
4,13.199194429194169,6.57044769236219,1.208003018897478,6,8.251837962528388
2,4.103614359383638,2.811421721361325,0.622958556640506,5,4.000655220654843
3,16.69209821592124,6.956847320464943,1.0788015659333579,6,12.5256361181457
4,29.923239842131125,10.223943519196819,1.3394194346789376,7,13.600009780499658
4,22.917638925635536,8.776926230564161,1.2773956612000215,6,12.474577183032793
4,9.633749098008547,4.5850404934695765,1.2046041445555267,6,7.073547353481773
3,5.942758137456981,3.3065384345405224,0.9811094100533199,6,6.955507785941854
3,5.942758137456981,3.3065384345405224,0.9811094100533199,6,6.955507785941854
3,11.924955241837655,5.4764747144206245,1.0226878032887259,6,8.455341681508036
3,13.83246496266916,6.547205686934101,0.9714547545587056,5,9.376453093345537
4,14.397378025178575,6.135157592652828,1.1723472458966795,7,10.80762719261401
4,14.194805192418514,7.64481829526679,1.1029020853523397,6,11.665204766234453
4,12.053439933781393,5.4135409240390135,1.195601195482897,6,6.02713488819245
3,10.97429485027191,4.152939306993995,1.0937676008289547,6,8.470414908257663
4,14.440131523662995,6.080861998946861,1.11830607050839,6,8.614743482764737
3,10.471035567704655,4.079516761235562,1.0916553326721827,6,8.15378078458884
3,6.895541420337065,3.4024346722933902,0.9524283063144634,5,6.601393657339132
3,18.14214782554071,8.505481205850954,0.9577631716939938,5,14.894615881092541
3,21.301213554149598,10.813548818370109,0.9107899698554174,6,15.101002305905443
4,15.298213566417122,6.049688143965516,1.1732725777015962,6,9.694797962542168
4,10.393908544596215,6.705354354132586,0.9501955422045159,5,8.341724146529748
4,7.728257511417966,3.7049136133908416,1.2380754829524663,7,6.4169305934715695
3,10.635263682970765,5.2239517122991606,0.920928145926561,7,8.501336098533923
3,11.419731669449604,4.187773996763264,1.0931289255319583,6,9.323471174809255
3,6.594494070520176,3.348802956414989,1.0334818087472903,5,6.305527183085063
4,10.9189212001621,4.05266468254157,1.3095262317621854,6,5.613775407945923
3,10.783053488090374,4.290101532043571,1.085168962311921,5,8.695578682949552
3,9.949717983759554,4.952999955546231,0.8534986292933529,5,10.867912472577522
3,14.850210690096606,7.435893240765669,1.0005200279769648,7,13.672327541502387
4,13.87651191461691,6.372325245809762,1.2263467757695135,6,7.87836623937715
3,14.850210690096606,7.435893240765669,1.0005200279769648,7,13.672327541502387
3,11.646299508516101,5.815956056569351,1.0189737168219872,5,8.587903330591736
3,7.974242803492006,4.023196240615555,0.9880366435305814,5,9.425675851277418
4,20.33685218276098,7.172089490944927,1.3379428502262967,7,12.094433694247483
3,11.486617121314502,5.433804423650459,1.0267230162485756,5,8.373219809325796
4,12.1447398876144,3.9107105626325116,1.3569802453176396,6,8.867942103223836
4,14.487348718589528,4.8750908148218155,1.3237467236542364,6,8.722165582137162
3,11.172711696995329,4.7124106242878225,1.0760195281254943,5,6.547320695056505
3,16.233136873299724,8.220945014667384,0.9596731937301904,6,10.372891963438011
3,13.489237062171155,7.609350694488397,0.9583346593375686,7,9.834443704511623
4,19.822179785727666,8.089268525174848,1.287175323023341,6,9.60952508661667
4,20.33685218276098,7.172089490944927,1.3379428502262967,7,12.094433694247483
4,23.881955721424376,10.434656213439897,1.251191255508876,6,12.14917587057079
3,4.054685205570502,2.5592428267414844,0.768023809866085,6,3.73694574343535
4,6.662558600582081,2.55804863463515,1.2913528942032602,6,7.3039200646394615
3,14.883313125554196,7.203221150656254,1.0503074316213399,6,9.832015368554163
4,6.662558600582081,2.55804863463515,1.2913528942032602,6,7.3039200646394615
4,6.662558600582081,2.55804863463515,1.2913528942032602,6,7.3039200646394615
4,9.538069218936853,4.082390028683074,1.1277155536858352,5,4.750733025982656
4,6.537784092474192,3.8897166454149015,0.9622342291839596,6,4.698893410265301
4,9.720784860824377,4.237532431490674,1.1425356875584756,6,4.531526588081622
4,6.321935095300522,2.1257915528094147,1.365171742871984,6,4.365581235532611
4,9.640575383550827,3.8980581636731486,1.1036121066337339,6,4.988516841241328
3,5.2042398245092585,2.339066935892593,1.0677396796051486,7,4.4103817955689
3,18.597848654391683,7.800799229713002,1.0804735455506411,8,13.57793426980848
3,14.883313125554196,7.203221150656254,1.0503074316213399,6,9.832015368554163
3,8.305606599851696,3.3662012392263176,1.0869584872414695,5,7.933607178878742
4,10.334102312462308,5.5435732891890375,0.9992302746536288,5,7.054785588146331
3,12.557419044614443,5.44968215250104,1.0704141357562382,5,9.226320556428464
4,15.492864178779291,8.344782204802044,1.0645874336491992,7,12.414156158901768
3,14.04521144794846,10.904286411982742,0.6171690154323028,5,21.124297460187428
3,6.015905838830135,3.4352851514584537,0.9649149186380803,6,5.808349857645837
3,6.015905838830135,3.4352851514584537,0.9649149186380803,6,5.808349857645837
4,8.402209628335768,4.774532604743738,0.9752873803750921,5,6.52788659529411
3,14.04521144794846,10.904286411982742,0.6171690154323028,5,21.124297460187428
4,7.219486639526811,3.8089328088196317,1.0619217883087435,6,6.633291059304816
3,10.310133419153441,4.794901952789175,1.0614742758659923,6,7.554877427345889
3,8.667052201532393,4.201247099041676,1.0453580487350425,6,5.638691357988812
4,7.4024266285468645,2.712991784063495,1.316131114770811,5,6.038405924255169
2,3.5949530636988016,2.1762783736583664,0.6707739565751571,6,6.097954629073895
2,3.282042139243592,2.400842649457419,0.5817523893756388,6,5.3818833533024355
3,6.875245381466054,3.967509475563772,0.9206761090951001,7,7.700448076529115
2,6.308074384424798,6.182881433690334,0.09744096324599753,6,7.55710549321376
3,7.948462519385906,3.8235795197226436,0.9347997821638045,4,8.806917041274753
3,8.334119520166178,3.9552540715351787,0.9764516766670654,6,6.141960243874955
3,7.9488035427877595,4.119015741887873,1.0001641540751607,5,5.321266300817442
4,5.252569363740567,2.0897600886134873,1.1874804123669636,5,6.515337418349036
3,10.795229997252303,5.8285087759950045,0.8766714656046521,7,10.351733900892672
2,9.636872609000418,5.243306166400146,0.6892546343774213,5,7.39333191287062
4,16.718890504496052,9.671087483721564,0.9103998575865335,5,17.184750104253073
4,7.309019853803485,3.3464051702874125,1.2010017267279198,6,6.3700813314424245
2,10.93761324566887,5.881127818950933,0.690302271506742,5,9.31698752449065
3,7.522495624906154,3.987917534399109,1.0136838027961395,6,7.596050054535727
3,11.304429608063616,6.705731328252674,0.9463064948486046,5,8.40135696866045
3,10.31886267571058,4.969457864879291,0.8595937616886546,7,6.25816501673575
3,12.513637568080853,4.804216697508936,1.0922438439058901,7,10.908475298306461
4,7.490374082525812,3.1814879466799417,1.1833005302291886,5,7.64100258163073
4,8.995977644162727,4.678381044315261,1.211686527916653,7,8.55105781799883
4,7.490374082525812,3.1814879466799417,1.1833005302291886,5,7.64100258163073
3,12.513637568080853,4.804216697508936,1.0922438439058901,7,10.908475298306461
3,10.528768316415853,4.546228656119577,1.0316961258352544,6,6.716110576479391
2,4.83644042247918,3.412946372747263,0.6059805039320465,6,6.628688907576939
3,8.012258179161384,3.928346626518156,1.042627608212464,5,5.211734729263416
3,8.511864021761673,3.5909382625096002,1.080566541214523,6,8.975910684258071
4,8.995977644162727,4.678381044315261,1.211686527916653,7,8.55105781799883
4,8.98502877904956,3.669910275857039,1.2975519831915603,5,4.662086331592745
3,16.33774034333685,6.4588549550947185,1.0850957673982826,6,10.337415119461703
3,13.156793462719904,5.255602042582559,1.0890452872192484,5,9.754024589712653
3,11.623548280139119,6.1492794750885995,1.0176472553490923,6,7.445676251448319
3,13.156793462719904,5.255602042582559,1.0890452872192484,5,9.754024589712653
2,8.202889578489678,4.199803240618573,0.6928595988480131,6,6.70586392389176
2,5.599163122049788,4.166306280778968,0.5687305199113073,6,8.491531085735305
3,11.623548280139119,6.1492794750885995,1.0176472553490923,6,7.445676251448319
3,9.241341882046182,5.465918115106414,0.9546889136652155,5,7.531056336966985
3,12.938116747471177,5.704741036503427,0.9826514952249681,8,12.231808952068471
3,7.242026139571947,5.058498683298701,0.8162447135462354,6,9.69830938765197
3,20.296781688520397,10.919687786433869,0.992232910381694,7,13.296982904399908
4,7.618026425068421,3.1610912981753696,1.0989934898998261,7,5.134331042740245
4,13.603395218535644,7.154585961941423,1.1835108740925344,7,13.149883952650903
3,6.585562200777506,3.5280117828600908,0.8878814926879808,6,5.799907772277555
3,10.190908264530758,4.823545872960031,0.9226159607728801,5,8.802983661648609
3,5.964015634866267,3.871748442909432,0.8103643278504078,5,5.5660439782045135
3,5.805606338310596,2.9989502382615107,1.023325043823521,6,4.278198685703393
3,8.717392661103379,3.3478344303262633,1.0914218981166222,6,7.923957178418982
3,8.717392661103379,3.3478344303262633,1.0914218981166222,6,7.923957178418982
2,18.02829329760302,14.223919871162547,0.5153081062656925,6,18.592159135764188
3,3.4353369030039995,2.5842385081225427,0.6458742671877891,6,4.235067492580194
3,7.653518209142895,5.051506686338578,0.8325500142449955,7,8.721334859492082
3,6.982814670345327,3.274792437420779,1.0586501348973036,5,7.229621181461139
4,19.57322744695295,9.636163884018607,1.195914936359419,8,10.48725168485519
2,4.936529919821975,3.938794967147582,0.5033172139718434,5,5.169839031222125
3,7.701970576130501,4.6090619619103075,0.930359697139304,5,5.817399048906813
3,7.653518209142895,5.051506686338578,0.8325500142449955,7,8.721334859492082
3,12.306415700776455,5.916572316598847,1.0515370356459344,3,9.432256755734949
4,4.781521485970426,2.096573859231348,1.2488149876578094,6,5.110392078042034
3,8.94960163529872,4.1711106377789084,1.0372424348453197,5,5.011452463457606
4,7.495627340098249,3.28307886778329,1.07602397321403,5,7.919427682189578
3,14.271365985688437,8.459526733069268,0.875821226541983,5,9.53644826041953
3,12.140794887655437,5.8850427325726,1.046801621156185,6,10.095127143068261
3,14.549066545013375,6.183854379336617,1.0545094120923555,5,9.205857335597624
3,7.805202821040302,2.768218994527577,1.0966017063449967,6,6.263989062316545
4,24.03782138969722,8.000340707458944,1.3582986819950449,6,11.349538581140365
3,10.29825725451492,3.8264717062934785,1.0931183076202846,6,10.477398411311174
3,8.064826683430814,3.9901979113529404,0.9347490635305162,5,8.457306400845415
3,9.851852420158528,3.694536938172929,1.0902326150476673,5,8.690678271880914
3,7.099131331661573,3.23424669259127,1.0365509575799163,6,4.692792168334247
3,9.9758677582649,4.900675126172266,1.0268417800534546,6,7.568394196537745
3,3.5385096094225488,1.7241233530860973,0.8234370540474939,5,7.508965082265253
4,9.390948838880108,3.4560439241910625,1.2862641685132647,6,8.975515980228556
3,9.020716618519462,3.8535248216249234,1.0203127724993395,5,5.663543246112345
3,4.237700575755561,1.763932658844539,1.0800328239883377,5,7.258071450463586
4,14.821253028394889,5.71520093761367,1.3314678124376191,6,10.785737591892577
3,9.020716618519462,3.8535248216249234,1.0203127724993395,5,5.663543246112345
3,6.702873068136373,3.7029100080696855,0.8652761539033604,6,5.040110755895586
1,19.11690145821613,19.11690145821613,-0.0,5,25.06204690810822
4,11.895323403839244,5.7665246746847005,1.2147807877385095,8,9.615674773501052
4,15.287489211705653,5.883290895542812,1.2396477759593163,5,13.0616330852997
4,15.718714966731,6.104548870486442,1.251629717761679,5,13.059113456656647
4,20.070548500506305,9.08664747638628,1.2575882527538225,6,10.177506347671354
3,10.379873369302903,4.989935282415622,1.0272475110032626,5,5.790661523800254
3,10.379873369302903,4.989935282415622,1.0272475110032626,5,5.790661523800254
3,13.021108251523493,5.444774702911243,1.0591830102121704,6,6.063363414781376
4,11.008487834256508,7.79581685281191,0.8355826753297103,7,9.852351553797282
3,4.607805644545226,1.8584554508318618,1.0802382858868405,6,5.548218183552436
3,3.44708132394333,1.8293155070952123,0.8514952330914585,6,4.9117367686484705
4,19.497366062456006,7.161521403163887,1.340831362857823,7,9.266990398211354
4,21.97889431214692,7.411487122677219,1.3485988740003518,7,10.058478453401715
3,10.364906867213751,4.249687410757549,1.0605479262699011,6,9.571267291412106
3,11.298471278315438,7.760129511602925,0.8350899137534091,6,12.952993352648598
3,6.092647662730389,3.341747075762564,0.838930027773822,8,6.725811044364451
4,10.169504477928216,4.603094566879178,1.2109071179746902,6,4.989019341751716
2,12.765484394425528,6.4118773868491346,0.6931367623620139,5,8.374174077077248
3,6.092647662730389,3.341747075762564,0.838930027773822,8,6.725811044364451
3,10.364906867213751,4.249687410757549,1.0605479262699011,6,9.571267291412106
4,10.169504477928216,4.603094566879178,1.2109071179746902,6,4.989019341751716
3,13.309037115514979,8.355343536549992,0.9175454017137904,7,13.749142049788073
3,13.309037115514979,8.355343536549992,0.9175454017137904,7,13.749142049788073
4,14.195830168322395,5.668022177735548,1.3220600285363346,7,10.012337837709431
4,14.36819995381282,5.328520088715803,1.3269520921851659,7,10.124998313288112
4,13.752726869753523,5.427961751417614,1.3148963188120484,7,8.270649130703504
4,12.626100230853844,4.3657523401274725,1.3190534761803474,7,10.070225499176725
3,12.015745226861792,5.3162693360688875,1.0625448658420358,6,7.6261238596510275
3,8.08884764849918,4.50075966823062,0.9627872786869883,6,5.58112032706468
3,9.392423795025875,3.631374002588763,1.092330876854907,7,9.841939080898044
3,9.460174854267065,4.222633592539095,1.07113271389947,5,8.503532476197035
3,8.08884764849918,4.50075966823062,0.9627872786869883,6,5.58112032706468
3,9.96193266695883,4.501875867024249,1.0047431879449706,6,7.694884026541313
3,9.759866043661454,5.187458285744354,1.0147282658160044,7,8.081442108289476
3,9.759866043661454,5.187458285744354,1.0147282658160044,7,8.081442108289476
4,19.669157089316236,10.573605679748617,1.041749472459733,5,17.419665174270914
3,13.264240938663976,6.8929258872839725,0.8444866873646406,6,9.52802066006277
3,16.440478119002627,7.4866548052858075,1.065261844581658,3,9.565957228805832
4,6.26928173389999,3.3023945660324676,1.140192335097749,6,7.045793722440136
2,9.13634795543837,4.870677091107509,0.6909530509769355,5,9.173180335426254
4,8.50799317835315,3.4574987628511753,1.159105379573881,6,7.976535986691866
4,9.428165044612044,4.327956797971653,1.1255027334229122,5,5.367919088917343
3,14.771625914244105,7.6861113304094655,0.7666951112229594,5,13.664584389820892
2,13.561273753658057,7.426331964259624,0.688606277244107,5,10.118357887076158
2,8.943566585310734,5.3309462644285635,0.674574980991902,5,6.641191376940769
3,7.4858123509545145,5.069581681799155,0.8336531699134364,5,6.726326327952693
2,9.13634795543837,4.870677091107509,0.6909530509769355,5,9.173180335426254
3,8.12664836344906,3.8246008593431418,0.8861050909890051,6,7.909677791023922
4,10.987908881675235,4.239190603239753,1.1773158179871541,6,8.639200926888474
3,10.465479844490332,4.66924813517408,1.071098936747475,5,5.8612638559782315
3,9.857391565305296,5.800751265805133,0.9362304549363502,6,8.245535718227588
3,10.739149718066027,4.282110824874064,1.085964768288861,5,6.964785569926262
3,10.739149718066027,4.282110824874064,1.085964768288861,5,6.964785569926262
4,15.370087885451198,5.29936799128867,1.291632242400864,6,7.71037523299799
3,9.576127464295336,3.7092404296771004,1.0855613929905465,6,5.564673427475914
3,9.857391565305296,5.800751265805133,0.9362304549363502,6,8.245535718227588
3,10.465479844490332,4.66924813517408,1.071098936747475,5,5.8612638559782315
3,3.889393060640789,1.873785781082924,0.9017985167759153,6,7.481359555047398
2,12.209729445003655,6.476536673561121,0.6912927691424023,7,12.533000470609078
2,8.670121427339957,6.534153692509611,0.5583003124277792,5,9.095692511684668
3,6.074536396398514,3.25157148452786,0.9220460067450701,5,4.770270843086173
2,8.553782264161683,5.222964530176528,0.6684776238266619,6,8.820028254273051
3,7.1630825661202175,4.819307924667793,0.8544853651021079,5,5.8158701234297245
3,11.650420133040344,4.722222949299319,1.0740367546226672,6,6.033325604257495
3,19.42041679285866,9.500649361081974,1.0396325058224407,6,14.517823015608219
3,10.845518737080852,6.540984372110554,0.8728175721881826,5,11.188111198967109
3,8.947083602901047,4.199376244657464,1.0513340061760443,6,5.444886082295854
3,7.779221757670307,3.2697910661310563,1.081910843592731,6,8.12427219273291
3,9.942511746779543,4.596600872957341,0.9898420272865011,6,7.231295417672591
3,6.992755287588442,4.3493043509799385,0.9120968288591178,6,6.732394683248204
4,5.249897613613539,2.297147573127838,1.1568186599611447,6,6.639788182367007
3,6.26278934199616,2.74501967205555,1.0203152989707809,6,3.412902281066337
3,7.795749857190045,3.485621932745472,1.0065373957768715,6,4.250991914806634
3,17.94026243852189,8.491835589130957,0.9920683377938224,5,12.536957583415687
3,21.979618838347633,10.168274752002459,0.997516356457635,5,12.172964877498893
3,21.979618838347633,10.168274752002459,0.997516356457635,5,12.172964877498893
3,13.71921896961276,7.88409950402237,0.9676320131165111,6,9.414859602436216
3,21.979618838347633,10.168274752002459,0.997516356457635,5,12.172964877498892
3,13.71921896961276,7.88409950402237,0.9676320131165111,6,9.414859602436216
3,18.149855557271103,9.043860755763976,0.9201110346162416,6,10.943608181237158
3,10.114601602507904,6.693087907163431,0.8295891830152947,5,7.096990602321692
3,10.828237120827058,6.297892675834493,0.7143208618700356,5,7.512718393386364
3,11.273649735632018,7.107960535918604,0.7776923187878182,5,11.517340648385257
3,1.6449075233315336,0.9641316545325106,0.7207275170511349,6,5.128209394276308
3,18.149855557271103,9.043860755763976,0.9201110346162416,6,10.943608181237158
3,10.114601602507904,6.693087907163431,0.8295891830152947,5,7.096990602321692
3,9.919351671164476,5.487185411500775,0.9812524250557673,6,10.689935943409408
3,9.919351671164476,5.487185411500775,0.9812524250557673,6,10.689935943409408
3,7.428055289680982,6.555461940334821,0.4432837285822518,6,10.715281911981412
3,12.55657815477569,5.449057466728109,1.0530295171849333,6,7.091613538053485
3,13.4737956194198,5.751191718187759,1.0786140497959178,6,8.033344469473882
3,12.55657815477569,5.449057466728109,1.0530295171849333,6,7.091613538053485
3,4.799155969525626,1.867399346435277,1.0820422820605473,5,6.842891717098492
3,7.108838478099044,3.2119868899340216,1.038975919306453,4,5.840358147324945
3,7.183916538153841,3.8863991769989337,0.9722664829333787,6,6.62446434495859
3,7.0464102411473535,5.8944229453368875,0.5567097643927642,6,7.0506889317156025
3,6.2568233962197075,3.288689059699945,0.9665289256404772,4,5.404013126114603
2,9.057577848415596,5.779410598021679,0.6545179473631035,5,6.144590811458787
2,7.858576079175084,5.118846249270264,0.6465939864403218,5,6.200929773949138
3,7.572182435259998,3.7284843894953443,0.811156431857903,6,5.950249252935129
3,14.831943266843647,6.602420991453284,1.0716406499190307,5,7.886359447585752
3,14.831943266843647,6.602420991453284,1.0716406499190307,5,7.886359447585752
3,15.608733973248745,6.118345056916294,1.090542433175525,5,8.425512932722137
3,9.782445367373539,4.650757259103493,1.0554052290758793,7,8.405501547877737
2,13.065833205975583,9.250238203851746,0.603957945165347,7,12.326296041501914
4,5.85453711549619,3.7793377799573644,0.8805583160503342,6,5.180469594122382
4,15.412940133824012,5.699038401628969,1.2666597591967261,7,8.014124032053111
3,6.559887445679706,3.52737237915379,0.9539776580512391,5,7.681682327354871
3,27.644240845566063,11.5777253294421,1.0788474978551377,8,14.282428913742017
2,7.336610526800321,4.02651114820068,0.6883719232134473,7,8.205534657749403
3,7.163416793230785,4.258605071948747,0.9369699804193483,5,5.3981816228999335
3,18.228517127634028,8.142742956373104,1.0090503234490364,6,12.842934962079438
3,7.163416793230785,4.258605071948747,0.9369699804193483,5,5.3981816228999335
3,9.997615079376542,4.4335132981052645,1.0534609756929139,5,9.659452826609886
4,7.594386046502466,2.7627090035663775,1.1644785414675,5,5.235553736717284
2,12.870850161013184,8.73423188350426,0.6279160011462335,5,12.865639944068178
3,12.110142074340095,5.634393018381385,1.0450731532490873,6,9.482548365875822
3,7.814671502876244,4.081190500940822,0.9554214234903571,6,7.32841090743964
4,8.429875140679822,3.230025841685068,1.1706296794737776,6,5.50072830790641
3,15.354045812582076,7.51000732676914,1.0440391070158999,6,7.831968736240995
4,6.692101516833857,3.787847153207899,1.0949923358411513,4,6.7173866530583854
3,15.021207140537317,6.2274786002240505,1.0412057529552237,6,8.566991175324892
4,7.609885978440637,3.9582177088096078,1.1289306837484914,5,7.586853098402502
3,15.021207140537317,6.2274786002240505,1.0412057529552237,6,8.566991175324892
4,9.740401639637934,4.336732972996361,1.0719913297230377,6,5.599886154326276
4,8.524224677967197,4.749080730419223,1.0697920339878362,6,5.904008184313357
4,12.008908893776269,4.671606516769538,1.1952393397070475,7,7.648732233340539
3,7.109523349293243,3.304609105542575,1.0494851121125413,6,4.35676557077477
3,15.393108489610317,7.7880088266011676,1.0284134393890219,6,10.17639435921653
4,16.73614231737679,6.808003797927052,1.1858713448761984,6,8.454562712772667
4,8.012300908435867,3.6585727785693214,1.1974351608339842,5,7.561867714186423
3,16.844362005069076,6.8111985855356965,1.0871163163762523,5,10.732854387248501
4,1.6363198058282622,1.0491172956827226,0.9798002069772476,6,4.681320232646513
4,4.010460722507378,2.039448101105675,1.0313873699918743,5,5.187943117486366
4,28.247054330930805,10.062954794077871,1.2528730534882353,6,17.343911868566316
3,12.343104928886904,5.136772947975869,1.0631570192865294,5,7.38477628504514
3,12.343104928886904,5.136772947975869,1.0631570192865294,5,7.38477628504514
4,12.033039117648432,5.291590620741298,1.151518460315838,6,8.839232341511861
3,12.079456812889418,6.3244837938923,1.0030209097199072,5,8.485173332812217
3,10.98402999792554,4.842298026026658,1.0627752659960992,5,8.332216438570049
2,9.212554254780244,5.126129947328415,0.6867651871704817,5,6.000689641142966
3,8.204038328726893,4.599071572497651,0.7213431400629637,5,5.830563324516421
3,8.807381248806694,3.6608942714837998,1.0809555570917646,5,5.514694605753366
4,17.418923234115386,6.040583859171977,1.319272049842455,6,7.443638115897294
2,7.969737203784408,5.249842010860409,0.6418794664688653,5,9.387622358139849
2,7.969737203784408,5.249842010860409,0.6418794664688653,5,9.387622358139849
4,11.384535570312595,5.705934409084007,1.0466266717646744,5,7.0973842011058865
4,11.384535570312595,5.705934409084007,1.0466266717646744,5,7.0973842011058865
4,8.401254554994805,3.215435961655233,1.1329869815860976,6,4.078388921046727
3,7.35768418082248,3.9147844125210804,0.9966328598315589,5,6.196433121897874
4,8.401254554994805,3.215435961655233,1.1329869815860976,6,4.078388921046727
3,6.397784165226093,2.8464744873490018,1.0677768293633694,5,8.509493076680155
4,2.6049685010515353,1.3056876600739429,1.1117242233423688,6,3.4395692590172855
3,13.119634495353207,4.988416966941236,1.0776924756758937,4,9.129605587235208
2,10.37323332825002,6.520395282659159,0.6597077002293767,5,10.687411362555693
3,5.975086587894394,3.0079216042974344,1.037171402276992,5,6.955131006027266
2,10.864216449930783,6.643536087751855,0.6680695594458683,5,11.755270242167839
2,10.743546283070433,6.525680520651483,0.6698948506113647,5,11.740066238978635
2,2.0469618656709914,1.2391199783471016,0.670784461290415,7,7.030614182332829
4,29.966256639455068,8.702419770429362,1.3679392986814007,6,12.021119708153645
3,8.250910010522546,3.405590421418955,1.0502964427091277,5,5.3574359231222015
3,10.007737648017857,4.811420439051423,1.0511620015256489,5,5.702140525674977
3,8.250910010522546,3.405590421418955,1.0502964427091277,5,5.3574359231222015
3,10.007737648017857,4.811420439051423,1.0511620015256489,5,5.702140525674977
3,8.250910010522546,3.405590421418955,1.0502964427091277,5,5.3574359231222015
3,5.22489320557662,4.810452755447672,0.31728524227408655,7,8.496042360529248
2,3.371183682160104,3.1010878263423596,0.27905990794690017,5,5.428582227881519
4,3.4609529538881367,2.128044569406212,0.8153041428201346,4,6.508006881266861
4,4.866859601021726,2.7642465517831694,1.0041361676200862,7,3.4614293319715883
3,11.855985200559202,8.553141886265818,0.6508458493381771,6,15.295752851348482
3,17.419965623582943,6.618646906052841,1.0921564912069237,5,8.79432329458275
3,14.292431729525873,10.082265557665107,0.770955450228368,5,13.432410622193196
4,28.758916474169354,11.174252268515103,1.2568904400329752,5,17.902145372068464
4,10.794971406850586,4.9734511156956325,1.1049156821280102,6,8.133945171180336
3,11.67077920112008,5.6569372640977065,1.0367449042558667,5,7.572153848869943
3,11.819681930132319,6.402729831956773,0.9572404037139125,5,6.873187593878803
3,17.419965623582943,6.618646906052841,1.0921564912069237,5,8.79432329458275
3,12.66041275207801,5.428218841815593,1.0427547592845128,7,8.948496713051783
4,8.299943682566926,4.15291809675583,0.9488876512401454,6,5.456886504002052
3,5.822665006041923,4.42979832480968,0.7039177587648171,4,7.337850986898818
4,8.299943682566926,4.15291809675583,0.9488876512401454,6,5.456886504002052
4,9.164147285057972,3.5068159300251325,1.2705490866870777,5,4.838649246945691
4,4.905255775056556,2.7762783243586098,0.9304887487840607,6,4.912640952210095
2,6.4823599961978005,3.6268796205888205,0.6860499034282987,6,9.117114451159736
3,12.53534530354004,5.192653010742431,1.0840371843364305,5,7.76170550342887
4,6.320685368646653,4.7301061421635255,0.8131303481360476,5,6.091260849713891
3,9.44538943116359,7.656213151437127,0.5755529009105134,6,8.478681656375073
3,13.734686284546626,6.092960908239495,1.0724300429197042,6,10.048964635410565
3,5.405051686815206,1.9852621297508963,1.095573228761563,5,5.894844472541758
3,13.734686284546626,6.092960908239495,1.0724300429197042,6,10.048964635410565
3,4.994200029075374,2.3805008130061904,0.8675028975050755,5,5.3602174222870165
4,8.48946129141493,4.448455417325668,1.0295313712619834,5,6.13447045834652
2,10.012971371537262,6.470324698742308,0.6497707574941016,5,15.163287681267043
4,8.48946129141493,4.448455417325668,1.0295313712619834,5,6.13447045834652
3,9.939752229619588,4.802487383263454,1.050649162902722,6,7.583553672808918
3,3.944503044549945,1.43894255969581,1.0963081796493601,5,4.771535496152034
3,9.939752229619588,4.802487383263454,1.050649162902722,6,7.583553672808918
4,6.8806291712985495,3.5909069342852415,1.1227456717967028,5,6.1706880395376205
2,12.162667546966354,6.865162526033528,0.6848175917570622,5,9.955419572160062
3,8.18764790611019,4.020326485366457,0.981827115665733,5,5.935740293479316
3,15.701827114675446,7.247364922230356,1.0158359978070353,5,9.265167655972459
4,7.32470290367909,3.72585908514568,1.1979447055421213,6,3.8644206508551773
3,7.225545563164207,3.6603142815433105,0.9234398250100821,5,5.9081451081311425
3,5.765727862253938,2.3922200451939615,1.0412348418534463,5,7.167818058142531
3,11.809252571699066,7.079275723842101,0.68887767163682,5,13.415189889476977
3,5.765727862253938,2.3922200451939615,1.0412348418534463,5,7.167818058142531
4,8.39617864174518,3.5607276581187666,1.2231164695235905,5,5.669020391604103
3,9.630955406591244,4.35681733787392,1.0350975582615767,5,4.86241974749144
3,9.656126003279558,4.030996340905638,1.0555134602351066,5,8.282537088584892
4,15.998406373940313,6.796519534376074,1.2670756612977676,5,10.31802042727735
3,8.545597595766196,5.250867320915825,0.9211333314697064,3,12.647077050846143
3,9.541730517822675,4.060995226815995,1.0574446123379562,5,9.779268945567026
3,19.770761251999183,15.319701184740605,0.674925505171938,5,21.79788739108388
2,9.726137278638834,5.120513077393975,0.6917452733639726,5,7.398089067248916
2,9.972557996815297,5.214290975249102,0.6921012962958226,5,7.848179110272301
3,25.526309373336524,9.658636843601556,1.0872780678904528,6,15.157576433100616
3,6.580664359631927,4.626065399603672,0.7540799706390771,6,5.67955128388851
3,6.580664359631927,4.626065399603672,0.7540799706390771,6,5.67955128388851
3,10.062595970269639,5.014938594397869,1.0077747208636354,5,6.550057069155834
3,6.988044993587112,4.273010845825176,0.8906590442107399,6,8.140653204503097
2,7.195900408402417,5.610735179961097,0.5272713041621209,6,8.895744158549105
3,6.580664359631927,4.626065399603672,0.7540799706390771,6,5.67955128388851
3,6.9408763941726725,4.477136612580462,0.8385796872013187,6,5.965532352454382
4,5.2633725863529595,2.8665841839509962,0.9062329863555663,4,5.013609129704924
3,7.225662884390972,3.6952349229557364,0.7408768984349823,4,6.84254076481786
3,8.080824233179134,6.562561899852393,0.5630383505986245,5,9.816640678335201
4,7.7756732466268055,3.716826412949959,1.1453155613070347,5,6.107555398562033
4,6.102910540648775,2.1955074241632735,1.3148554841463476,5,3.143095847116309
4,6.83189751822113,2.3092718160873633,1.3649722992912308,6,5.129299924602876
3,3.199154700026974,1.8534343500327546,0.9372748461342204,6,5.994201261626765
3,7.642551027446409,5.058768643423318,0.6625967145242866,5,8.872687089469707
3,10.062579611967452,6.616854761974556,0.8042963811486252,5,7.781538246746678
4,10.788840989653195,5.352746458177113,1.176179155986136,5,7.037893547898899
4,10.145184421634388,3.148277823092517,1.3607143813070346,5,5.446989272503782
3,6.522560864165564,3.194395437059679,1.0368937984726903,5,6.008237720856336
4,10.712570458823603,3.166718724865568,1.380407709129567,6,5.027094724482659
4,10.145184421634388,3.148277823092517,1.3607143813070346,5,5.446989272503782
3,4.638105699736849,1.8486079223611043,1.088760116824833,5,3.8032914841137506
4,9.145237368911697,3.413685292905029,1.2631417341856057,5,7.232013367001372
3,6.596583301767429,3.310925655369429,0.9917043364996365,5,7.220107772962191
4,9.145237368911697,3.413685292905029,1.2631417341856057,5,7.232013367001372
3,10.993101174800945,5.796156353186737,0.8496601350618587,5,9.980644658576763
3,3.749147106954996,1.8308081514554524,1.0429840686856724,5,3.704518014447426
4,40.00054737003508,13.63938591598852,1.2852767637880933,5,20.761450226999834
3,6.491014626834703,2.3809515872906357,1.093585607664954,4,10.676548900338354
2,5.416859848840161,3.354666559859916,0.6644052985870988,5,4.9403383986849425
3,7.350995796598609,3.0864049192287664,1.0260488008113016,6,6.412876872841013
3,7.129454340560255,4.885068150751993,0.7155566538004023,5,6.754092681879625
3,7.129454340560255,4.885068150751993,0.7155566538004023,5,6.754092681879625
4,15.216953503726318,5.913512568036392,1.1162004501982787,6,12.517764494809995
1,11.650835771525614,11.650835771525614,-0.0,5,14.949134290551925
3,9.677083710095168,4.967979348173174,0.930297102819026,5,9.49570066889255
4,8.041168361885163,3.078574018415063,1.2412319815421582,5,6.799022377019182
3,10.884765647401256,4.487153690027136,1.085066602380739,5,5.661223983434976
4,8.292131350144224,4.937955250621535,0.9531239295079681,5,6.0118538115472795
4,7.359092623362301,3.274044724427378,1.238903291363399,5,6.723282948637237
4,7.359092623362301,3.274044724427378,1.238903291363399,5,6.723282948637237
3,12.222880433894991,5.274591930231981,1.0576578479079313,6,7.602529757811637
3,10.512949907041856,5.231520278551386,0.955749674565541,5,9.081524339815271
3,8.025268386289072,3.4305955573000535,1.0541944196435022,5,6.218960864862786
3,6.012928199291272,2.8889937636130054,1.0253299468227413,6,7.509355634741688
2,11.288753958478662,6.018202320441856,0.6909523884239901,5,9.198295119048577
3,7.534293215186999,4.526546407239943,0.8856123424317881,5,6.897486108181809
3,9.344376242747796,8.083738583364394,0.489123994539439,5,9.413072840551138
4,9.81279450626958,8.463547110950827,0.5503023655026544,5,9.152888628385472
3,8.391111700741696,4.7378344504705145,0.9254051876671352,6,5.350933042059322
4,11.55359091133451,4.47584888912042,1.339815246792608,6,6.286007156342841
4,9.244333201410566,4.423177803500011,1.2466885405527874,5,5.736086444320968
3,7.964535061396818,4.633231650293419,0.8775519130553933,6,5.0504413825693035
3,8.391111700741696,4.7378344504705145,0.9254051876671352,6,5.350933042059322
4,7.275193943781987,2.953249536253458,1.2153549640987589,5,4.4243448764199425
4,7.275193943781987,2.953249536253458,1.2153549640987589,5,4.4243448764199425
3,7.811098312218739,2.9076721193415773,1.0849364635402694,5,4.71067938084216
4,7.275193943781987,2.953249536253458,1.2153549640987589,5,4.4243448764199425
4,16.1974727348582,13.349406929159741,0.5436766325116219,6,19.3473125896819
3,9.670249140747586,5.485977509433834,0.9330219160702219,6,7.920216722484836
4,10.050294699676602,5.009836824820008,0.8412590474692121,6,10.375638156318658
4,5.5498579772254555,2.687283948069296,1.1730618655687093,5,6.683477191383361
4,5.5498579772254555,2.687283948069296,1.1730618655687093,5,6.683477191383361
4,9.110544875302033,4.009312940414337,1.067557314151086,5,8.68042957314952
3,7.146715149603125,3.931619217729031,0.8678501331500916,5,6.610330162126113
4,12.111399148867221,4.672767228351417,1.2051977469344313,5,5.069474322488883
4,4.255558349911551,2.0858346066310975,0.8914175058151681,6,6.281083332787555
4,12.111399148867221,4.672767228351417,1.2051977469344313,5,5.069474322488883
4,8.082587402087078,4.524968526282429,1.0893115703548801,6,4.857041851418609
4,8.335401553426092,4.607393018138991,1.0834347711140153,6,4.848568668487176
4,9.4545955207412,3.732684233674677,1.0968518502352376,5,5.589206098104242
3,9.985690968711955,5.655082840226335,0.9395185724446496,5,7.094038292341608
3,10.502371988611587,4.967033169646782,1.0341519110768984,6,7.703238728565541
3,6.759926109710369,3.071331621375924,1.0559875825637635,5,6.063486550152853
3,10.502371988611587,4.967033169646782,1.0341519110768984,6,7.703238728565541
2,10.511878120483907,5.694397803660994,0.6896635534111397,5,9.528472047332443
2,10.956409623099777,5.580447667204346,0.6929730060361948,5,9.2068912165089
4,11.700839183872535,6.044266058895142,1.0973548568950917,6,7.794532899409471
4,11.423929415072498,5.961143349543828,1.0900748554471484,6,7.466134058534349
3,7.269984182294218,3.0545714951456087,1.0625496396596026,5,8.55479845835518
1,4.586803431909926,4.586803431909926,-0.0,6,9.474030958986518
2,5.335389211389351,5.2462586085702005,0.08492457143937478,6,9.286797538144562
3,2.3480783301150563,1.3543370801725367,0.7727227889979491,5,4.825279020467676
3,8.29856325313677,3.40815934899168,1.0596633016485175,5,6.336538208459503
3,5.059095180043482,4.459632393505135,0.4156973958116883,6,7.9680240659186
3,11.266707634297074,5.1234553117397725,1.0643391876707367,5,7.535379181453704
3,5.224120664287842,2.6467086072172052,0.939232531649475,5,9.245417635196876
3,11.266707634297074,5.1234553117397725,1.0643391876707367,5,7.535379181453704
3,9.198451255871678,3.7380130450798674,1.0800596153605146,5,6.8598330266728915
4,8.270875205848089,4.614283448801217,1.1317979685590793,5,6.1494136508474355
4,8.270875205848089,4.614283448801217,1.1317979685590793,5,6.1494136508474355
3,7.367242084871494,3.451879429509704,1.046103820673928,6,5.349111528605659
3,7.367242084871494,3.451879429509704,1.046103820673928,6,5.349111528605659
3,11.396477540997836,6.1803992907944085,0.8844284624903561,5,9.341578786961662
4,4.29630264380466,2.4229676343232898,0.8369126246161265,6,4.57053840388077
2,10.265234539791347,5.792938401500666,0.684848539323631,5,8.693972227900952
3,7.072754972472677,2.5855537333413867,1.093293657259546,6,6.5710717032135655
3,4.266054516891014,2.4197798334217344,0.8106637877766816,5,6.2042954025001285
4,15.28696049771936,6.345174881278999,1.2255357513113552,6,7.6191454172746464
4,20.143584206279243,6.832750475380015,1.3095791407750725,5,13.497994045842532
3,8.076201450996125,3.2812820492153065,1.0779071550559616,5,6.721427422023087
4,5.014663877828287,2.7716844397960014,1.0476537120479488,7,6.959863044014098
3,6.190577377464283,4.064508822557479,0.652423278209597,6,6.705814371375827
3,6.190577377464283,4.064508822557479,0.652423278209597,6,6.705814371375827
3,8.669523151092609,4.493971673790054,0.744986190608792,5,8.467646124833156
4,7.93516945596341,4.132847768795557,1.19854478985055,5,7.086988391501781
3,21.07272381931714,7.582525111973396,1.0966928075475146,7,13.199141545987624
3,5.089223697266505,2.194547919071274,1.0102021748119963,6,3.7662116115078015
3,5.5412991278523895,2.8229061874345547,0.7800728996626725,6,4.727010486375124
4,15.192456540924706,8.239972363290569,1.1471939706444152,7,10.282413894967824
3,14.499559782782352,8.447359550218131,0.9630217090608938,7,9.109566978910854
4,15.192456540924706,8.239972363290569,1.1471939706444152,7,10.282413894967824
3,10.542476030783794,5.6176991496939905,1.0129553702756322,5,8.73718085942874
3,6.875933016535335,3.9927727817421217,0.7050841478967281,6,4.451810721425392
4,6.314667873482919,2.9850348663473802,1.1879227343679826,5,7.0193295490327
3,10.257644533475055,5.992205944748673,0.876827846330108,6,8.386946705485702
3,5.156543294870193,2.4617291409756894,1.0123422524704715,5,3.28626326822452
3,9.383558770578707,5.727744873350071,0.8563623018322775,4,6.876184239142027
3,8.795877935569411,4.345273707011247,0.9221343768470077,6,6.112780277262257
3,5.156543294870193,2.4617291409756894,1.0123422524704715,5,3.28626326822452
3,5.262029287713127,2.3113406973958526,1.0362382790087108,6,4.7846310425445076
4,8.377584287026062,3.905578745942305,1.1574575155469977,6,7.310166732311625
4,9.52274478729379,3.125524465163999,1.34037571368028,5,6.508043789800174
4,8.482411737937799,4.917535696274372,0.9160911949794852,5,6.2772519545172605
3,3.815143752443624,2.4756681892920476,0.8688109868663709,5,6.157379832329001
4,25.53461093154936,10.85184053043086,1.0902908225900974,7,15.857546410389517
3,10.130318129620555,4.29042955530094,1.0161851183266424,5,5.841576300586979
3,10.130318129620555,4.29042955530094,1.0161851183266424,5,5.841576300586979
3,6.227419191130014,3.70083529595133,0.7793377798229966,5,4.500620354868747
4,6.582201394528459,2.1254539072108516,1.3185316528027404,5,4.134077547975879
2,5.987816498939238,5.719748292039222,0.1828146197876503,7,6.193449593171549
4,6.582201394528459,2.1254539072108516,1.3185316528027404,5,4.134077547975879
3,16.333069385351713,6.255344045699202,1.091468878863314,8,10.015162513402602
3,11.400597698420444,6.419255472643638,0.9855627899027846,6,7.667600847415618
3,4.81613498598706,2.2383943516562868,0.9398193865302189,4,6.836499764610261
3,11.400597698420444,6.419255472643638,0.9855627899027846,6,7.667600847415618
3,8.592790844990335,5.255874453020644,0.7623743469176734,3,8.68802452652341
3,8.657008006765619,5.503879855432686,0.7139580524208113,4,9.124832104785684
4,9.594386991409538,3.4526267210724297,1.331191250978812,5,5.564276305872767
4,8.657576542051022,4.7498437000327325,1.151582007941946,5,6.396178596394899
3,23.821211461399486,9.455796835279454,1.089546284009287,7,12.846355312892847
3,23.821211461399486,9.455796835279454,1.089546284009287,7,12.846355312892847
4,7.540870758382588,2.9223367041961046,1.129688883732499,7,6.227247830561602
4,7.221816505865361,3.696259073427994,1.1032065165417984,5,6.457082290077083
4,11.699566406078677,4.8591824147163605,1.3133047124730832,7,6.002169593024127
3,2.1162140739475133,1.4077275467858579,0.6903949122164175,5,6.312563060456491
3,6.480187434044325,4.500053793292967,0.6925686917036998,6,6.280398643793028
4,5.88087620542283,3.1969592745890223,0.9827384229680889,5,6.435556700573473
3,6.0492554313575715,3.620627903172549,0.9420600820251182,6,7.571840519584299
3,8.520225956227023,4.466493513343895,1.0006085550151933,5,6.206757578848281
3,8.520225956227023,4.466493513343895,1.0006085550151933,5,6.206757578848281
3,5.63896502406949,3.15357970326368,0.9774245634701538,6,5.367167766530406
3,8.520225956227023,4.466493513343895,1.0006085550151933,5,6.206757578848281
3,8.345351169096647,4.454181393968613,0.9761071348885031,5,6.07990432771746
3,6.498897951642288,2.67793787593865,1.0451245039733659,5,5.6557485508521985
3,6.498897951642288,2.67793787593865,1.0451245039733659,5,5.6557485508521985
4,17.766076821293165,7.340201732199637,1.1725042188769201,5,10.379616430079563
3,9.236692883815222,4.7058992955837455,0.7938780588511083,6,7.897784740106044
3,9.236692883815222,4.7058992955837455,0.7938780588511083,6,7.897784740106044
3,8.827943768047142,4.113713045640853,1.055201551266551,7,8.299496764576926
3,9.236692883815222,4.7058992955837455,0.7938780588511083,6,7.897784740106044
4,6.655587312262105,3.182243284404282,1.1738403941103133,7,5.364096934812879
3,3.355274292847141,1.6340732475096444,0.8856842559593688,7,6.344878615630119
4,9.238438972518038,5.446101647224896,0.9951872384653802,6,5.590864936778433
3,8.900724777311396,3.471497597447854,1.0825604895285363,5,7.2782532504060065
3,13.361215627269782,7.5910864150761785,0.7333224990149068,6,12.032964461609918
4,8.878693255551692,4.523712703102064,1.179644355121259,5,5.1843986999897025
3,8.605749574001784,3.490559194829668,1.0854616370700523,5,7.039627286632355
3,8.900724777311396,3.471497597447854,1.0825604895285363,5,7.2782532504060065
3,8.377154969695944,3.2086037193887247,1.0912453046521602,5,7.212796254428159
4,9.390017431831266,5.341324654064685,1.0860614535682798,6,6.297721374344629
4,9.647985801761852,5.468887586061653,1.0180529350119984,6,6.050421928519071
4,9.238438972518038,5.446101647224896,0.9951872384653802,6,5.590864936778433
3,5.1118565944991605,2.9675403599435777,0.9645971614840032,6,6.0359525203192135
3,11.572613228037916,4.756725270441582,1.082569981487839,6,9.33829758771092
3,9.41991056811484,6.95850652525324,0.714024460741454,5,7.426991436170255
3,4.75612571054844,2.6090582320095854,0.9674134517209632,4,6.41404603911162
3,5.906709657719096,4.066100125827152,0.8039353288302153,7,7.08535403694821
3,11.052974150794384,5.50636797118611,1.035673329659923,7,6.959180185286346
4,9.072847882998575,3.9808537596220277,1.1456086689389369,7,7.320973335827994
3,5.0342252328111545,3.197705282310829,0.895433107820029,4,6.709050157374185
3,11.572613228037916,4.756725270441582,1.082569981487839,6,9.33829758771092
3,8.331979237843345,5.209287546902029,0.8571674184571914,6,6.226955046930584
3,9.641064890657184,3.9992912631232373,1.0838641024571039,5,7.313710783057212
4,7.134275331526277,3.100104278499745,1.1677753238041064,5,6.556765035524535
3,8.074257747014975,3.686025488275173,1.0538796527555694,6,8.262364148749192
4,9.509915956249758,5.539480876615535,1.06779591116376,6,9.309427249939164
3,9.641064890657184,3.9992912631232373,1.0838641024571039,5,7.313710783057212
3,8.331979237843345,5.209287546902029,0.8571674184571914,6,6.226955046930584
2,3.307155929831243,2.2126624738509597,0.6348472859494481,5,4.757725593159684
2,3.455680814250915,2.1583063515819423,0.6617837087056411,6,5.604395908412329
4,11.604663317650225,4.795046674672375,1.2717920201029855,7,7.991755917807002
3,8.23184829724939,4.0543165959185465,1.0432341906486802,6,7.842509948434147
2,15.065620172436812,7.616712561787385,0.6930851487435981,5,14.277776641631053
2,4.296207698841359,2.8405007674357465,0.6402599315003297,5,6.438468357128876
3,8.360318200310115,3.186423892199579,1.092618245592983,5,7.490469439266346
4,6.936921511526527,2.4442573810823176,1.1643978921605034,6,5.774402365381343
3,8.360318200310115,3.186423892199579,1.092618245592983,5,7.490469439266346
3,8.491802491485844,3.2266453135854656,1.0810788251024304,6,7.111905425121068
3,5.471158013242764,3.2819028586620393,0.9501043724766884,6,5.660173184888128
4,14.732871382966042,5.217443705868087,1.2980758741963387,7,7.1116179610205865
3,5.471158013242764,3.2819028586620393,0.9501043724766884,6,5.660173184888128
4,14.732871382966042,5.217443705868087,1.2980758741963387,7,7.1116179610205865
3,8.481845177563208,4.6509485703565865,0.7970362889768456,3,9.62109251384475
4,8.654415605240127,5.070203315482038,1.1163282014253446,5,5.674741810422397
3,9.423443916974549,3.3186681492037637,1.0971237232589075,7,5.535293390128485
3,9.423443916974549,3.3186681492037637,1.0971237232589075,7,5.535293390128485
2,5.712570022731187,5.7065162875682685,0.008317988496660968,7,7.528822760628442
2,5.712570022731187,5.7065162875682685,0.008317988496660968,7,7.528822760628442
3,8.762002980161999,4.542863890227553,0.7232791666472305,5,6.833554589863427
3,4.862210601238999,2.5351514182102104,0.8069788546799719,5,3.8962021413929007
3,12.180973627247578,4.905377445118724,1.0880639186225045,6,9.300524283025998
3,7.310048314925767,4.549656704415195,0.8765822388260585,6,6.5041732412561135
4,9.01115455925951,6.710476413820893,0.6983088061732552,6,9.065419719039301
4,17.902487800120134,7.911017473564827,1.231412026112663,6,10.253235564872837
2,7.916749371852003,6.802464552674506,0.40632315593955187,6,14.285614870907185
4,11.953203672298137,5.146901851269541,1.1567311387971804,6,6.467487076655136
4,10.506570184947957,5.846730989868063,1.0804372203535,7,8.376508068201172
4,9.01115455925951,6.710476413820893,0.6983088061732552,6,9.065419719039301
3,10.65221428969328,6.277450498964003,0.9123742430662585,6,6.940556660351499
3,11.91021942858756,7.338386912708783,0.8900593340584082,5,9.015702171563076
1,8.58854399292528,8.58854399292528,-0.0,6,10.48145726533791
2,7.162054869942965,3.9822818475100745,0.6868563677360894,6,4.940919782893982
4,12.272271309444134,5.492126857710058,1.1168016641660747,6,9.846319579386458
3,5.7992814461384015,3.182230194822673,0.9888658497642799,5,3.857246943864526
2,7.162054869942965,3.9822818475100745,0.6868563677360894,6,4.940919782893982
4,12.272271309444134,5.492126857710058,1.1168016641660747,6,9.846319579386458
1,8.58854399292528,8.58854399292528,-0.0,6,10.48145726533791
3,9.968786876727323,3.665252622268381,1.0933008575095982,5,4.621488576790754
3,15.001647482329332,7.501355136272547,0.8255701405455697,7,10.952312491085353
3,16.076614070660536,9.032383469351487,0.7257560249839078,6,9.753283842513003
4,7.423520535266541,2.9904777472233945,1.2223831863081596,4,6.473339472733152
3,9.968786876727323,3.665252622268381,1.0933008575095982,5,4.621488576790754
4,9.469763259224166,4.623177447443277,1.1880015113548297,7,7.867447564673645
3,12.2719868945012,6.189145056205418,1.0339539736115675,5,8.251485917594248
3,5.286687599840002,3.149148562315857,0.7388859993258161,5,4.692093249316427
3,6.851353134047919,3.667115172731099,1.0088125859543189,6,6.4420969052296435
3,5.286687599840002,3.149148562315857,0.7388859993258161,5,4.692093249316427
3,12.2719868945012,6.189145056205418,1.0339539736115675,5,8.251485917594248
4,9.86171062731875,3.64712035081325,1.1147481586694759,6,5.570448613386883
4,9.86171062731875,3.64712035081325,1.1147481586694759,6,5.570448613386883
3,8.630922311411748,3.6428044970646014,1.0630037202831877,4,6.95212599121145
4,17.095173111766528,6.6677911212659335,1.2308627224611226,7,8.76338845483458
3,13.273072308581794,4.980759746329381,1.0922174921524839,5,9.095342951934382
4,12.624720176790284,5.556169825998614,1.271603221758058,7,7.961676496181235
4,12.36424991046088,5.74231128166273,1.276658874716993,7,10.996308530195602
3,5.251977730942759,2.467043909487731,1.0550137358757312,7,3.8879142076480857
3,7.5901701043641,3.365768097959177,1.0694564407875646,7,3.966311599411085
4,9.151185064208248,3.7017682032703543,1.3061093481761645,7,8.181376841039317
3,9.291559144043246,3.7218596733447216,1.0865402909303183,7,6.075002425055542
4,16.429081555318035,5.7471700860575226,1.3148834028739587,7,8.78133884837841
4,13.08548081840991,7.054877180573534,1.098586720904989,7,8.611837236789825
4,7.888952051735636,5.1275469884126785,1.016840985719721,7,9.143159875497568
4,7.888952051735636,5.1275469884126785,1.016840985719721,7,9.143159875497568
4,7.888952051735636,5.1275469884126785,1.016840985719721,7,9.143159875497568
4,13.08548081840991,7.054877180573534,1.098586720904989,7,8.611837236789825
3,6.156650848363135,5.043376324706999,0.5719283985969912,7,5.9608941393472765
3,12.93222253230779,6.833905223391978,1.017448821672816,7,7.742151964912236
4,12.949566334352653,6.256025043075635,1.1251898693176094,6,7.341803580668856
2,1.1813538438418159,0.7522284093828489,0.6552645950257316,5,6.440220360361934
2,6.272134658015483,3.624124485856142,0.6809879157602873,6,6.4845039284192225
4,3.573502500647936,1.566133649902423,1.1373985021616888,6,5.141358378322655
3,8.014627161050626,3.6373667623793526,1.0486356852183272,7,6.209498827992503
3,2.4195946311431307,1.3926009521872962,0.8501334213614742,5,4.2352839257896955
4,9.909830203423562,4.1583528658918,1.1123317585335213,6,5.667823645573963
4,6.414442021214388,3.4657371524831,1.091179493802938,5,6.094212784810104
3,5.434522101778092,2.8300738774076715,0.7275251064453476,5,6.33401214880161
3,5.793792619325439,3.251666194444733,0.9896578916154606,6,6.938369514452379
4,9.909830203423562,4.1583528658918,1.1123317585335213,6,5.667823645573963
4,8.83265081565997,4.211601399642625,1.2255764540880094,6,5.4082349714029405
3,12.474612304212712,5.275912428478475,1.053485702538718,7,6.408504912707631
3,10.662875785040352,5.736726913379378,0.9762111258085229,5,9.387167124255082
4,12.411499896605545,6.5917069782199125,1.0347176072943358,6,7.67318076077264
3,5.317609643538971,3.477121240685539,0.8689220099583079,5,4.977493887285925
4,6.269726121390356,3.484516505726604,1.0674121939673866,6,8.939442010636919
4,6.269726121390356,3.484516505726604,1.0674121939673866,6,8.939442010636919
3,8.020674642300603,4.098738593607431,0.9630081312815431,7,6.094983875822556
3,8.359865770528609,4.497888577164411,0.9124891413149738,5,5.719809862384293
4,9.25394328519452,5.538857013348795,0.9647146927855741,7,9.268463775930083
3,8.74853825950186,4.4906006058706005,0.9552311849446631,5,7.912833469019675
3,8.74853825950186,4.4906006058706005,0.9552311849446631,5,7.912833469019675
3,11.129234769672172,6.835482128520363,0.7188819709670856,5,10.070577739259665
4,8.754199013592874,4.998188156874013,1.0862868869520033,7,7.035040803161139
3,5.9762766334437405,3.6866965673807104,0.7294375400499913,5,7.103837351802779
2,4.364555632755536,2.539540311524299,0.6796860540119738,6,3.999963150005811
3,2.5218388828307443,1.890910039205993,0.6838023963497889,5,4.855293743614942
3,18.67362262861394,8.275102501842596,0.9719912616419304,6,12.993048783806469
2,4.364555632755536,2.539540311524299,0.6796860540119738,6,3.999963150005811
3,5.9762766334437405,3.6866965673807104,0.7294375400499913,5,7.103837351802779
3,6.40543677907615,2.7511651226868503,1.0292964916462313,6,7.644105612692769
3,9.44238683405964,5.5694797648788406,0.9602410741297953,7,8.001589580840314
4,8.24363858152363,4.866417990406718,1.0204733872233942,5,8.64259487487938
4,9.466203117115375,4.6993086430047795,1.2136155847671946,5,6.046769679546168
3,7.820329654062647,4.496997034367953,0.900240794837277,6,6.396562318969476
4,9.466203117115375,4.6993086430047795,1.2136155847671946,5,6.046769679546168
4,8.541906889185258,3.8944330352758225,1.164897036647512,5,8.279977372559191
4,9.178862335975296,4.162461201165146,1.154444915787415,6,6.99213429121103
4,8.541906889185258,3.8944330352758225,1.164897036647512,5,8.279977372559191
4,11.441674171834956,7.1170364182856165,1.066569248411942,5,8.338372772110073
3,2.5709831947204966,1.9554625301674484,0.6432039179706992,6,3.1229639613198614
3,17.36519177524643,6.866809712247768,1.0688164224265377,7,13.848826603810787
3,17.36519177524643,6.866809712247768,1.0688164224265377,7,13.848826603810787
4,10.42421215644173,6.553315147070879,1.0598363678925997,6,9.116630468881896
4,15.349443584364876,7.416635110732779,1.1035945298427323,6,15.021208811047375
4,7.1313710031672075,5.032490378954826,0.879830539228971,7,7.1429109070107595
3,6.073824439609305,3.1693069216593734,0.7595126838628754,7,6.611654496011839
4,10.627811525190339,4.216907614058016,1.1202121583071896,7,7.022500979639313
4,15.380375957669088,8.361294071191384,1.175363195560955,7,11.528211057555804
3,5.579014469032688,3.2367456081645662,0.9004415576481821,5,4.6210600381308184
4,15.380375957669088,8.361294071191384,1.175363195560955,7,11.528211057555804
4,10.627811525190339,4.216907614058016,1.1202121583071896,7,7.022500979639313
4,10.722224513436963,4.384364264881859,1.0981593485855137,7,7.0778494126271525
4,9.026380653820748,3.510737222920911,1.30457125845269,7,7.349591385846873
3,5.724715778353241,3.0365617665920657,1.0158330247941043,5,4.61329548386518
4,13.726326722414074,8.26506780257082,1.017777669509678,7,8.568583426129603
3,4.988163395742755,3.8282975887570974,0.7030402629412343,6,5.612836021150146
4,5.870113496776166,2.9148736673126088,1.0752252452077231,5,7.0656410715261515
3,3.1106052346143707,2.277530466908986,0.7198761245765012,6,5.181438492516166
3,9.421994044419472,4.805248452649144,0.8924931585768086,6,6.572628541493378
3,10.536853423136549,4.586934681534678,1.0370774649488954,6,7.833705427710006
4,15.046350609735635,5.924534581430759,1.2680443001594006,7,7.21877291336777
3,25.70038188864271,13.429082866729269,1.0124949417117053,6,17.1466131326984
3,25.70038188864271,13.429082866729269,1.0124949417117053,6,17.1466131326984
3,7.442158140665301,3.349820343158997,1.0052036860000668,5,5.462107478776868
3,11.157773360301606,5.572782784543259,0.9968685978104643,6,7.929639390852264
3,11.157773360301606,5.572782784543259,0.9968685978104643,6,7.929639390852264
3,4.780945836313057,2.5327665182463046,0.8953916264428703,5,6.487218133209929
4,13.459882726107862,6.820180862797434,1.1054250703087125,6,7.565017209745281
3,3.124836342290884,1.348533336962026,1.0390481203452686,7,5.601984795245757
3,2.3288970211456395,1.2834651378441562,0.9353622408385454,6,5.591053156016017
4,15.51085771736385,7.412266505049551,1.164034119902272,6,8.31541030881293
3,11.982698347766767,4.168394258355043,1.0980073462774627,5,9.727235500486898
2,7.12083563687529,4.023778740261239,0.684654604326363,6,8.668732488097803
3,3.124836342290884,1.348533336962026,1.0390481203452686,7,5.601984795245757
4,7.924167823313594,3.5793407489863047,1.1020398878584823,7,7.430493882452096
3,4.782711090573564,2.8174727869360456,0.9000887242878461,7,6.127452800913475
4,6.574304115442334,4.756466089990248,0.8859334358085853,5,7.681154352455506
3,2.343072435591244,1.4736489654491844,0.8492476614937318,6,3.780107437081943
4,8.306350380230693,3.108490363925117,1.3001751011532992,6,5.634200518737329
3,5.505464304777461,3.128387466080901,0.8126901280638681,7,4.913760362598351
4,13.7677454235604,5.805685896748063,1.1560004586805213,7,9.17333147153047
4,6.13570922580603,3.097348880999535,1.2222238783676724,5,7.528539771794592
4,13.552792442629514,7.469837925093113,1.0882463465977477,7,10.165985452694631
4,8.32867926960321,2.6631704283115303,1.3541452026687018,6,3.9116407536835998
3,6.839341714371107,3.1766577984735633,1.0032153224833942,5,8.155949905300893
3,5.37086146330012,2.876363907401935,1.0122329141001856,6,4.152704126529654
4,8.32867926960321,2.6631704283115303,1.3541452026687018,6,3.9116407536835998
2,10.159166287741922,10.130394032142409,0.01944354857842649,7,11.114124778696633
3,13.817240825087808,6.292367743061066,1.066195287226308,6,8.064308469140244
3,8.931246483462981,4.08934281582565,1.006713884498822,6,7.698996904474855
2,3.5777711025318366,2.544320878761405,0.6011215572491143,6,7.515118740650691
2,5.828539413719998,3.6100134643550597,0.6643724509584423,5,4.874976072680511
3,5.744618648204435,3.2585401043565274,0.7859335869862034,6,6.01250022208113
3,4.50922646277513,2.4010329783940616,0.8637228910939052,6,5.341181908958557
2,5.828539413719998,3.6100134643550597,0.6643724509584423,5,4.874976072680511
4,25.273220328725273,15.834206170896383,1.020426602187674,5,22.58227367511932
4,18.720454530134518,8.02247625114823,1.0623648876212313,5,11.289042832105352
4,15.078393760881962,7.077394517367589,1.254577298607126,7,9.080399705315438
3,9.81141517512728,4.5938345703805785,1.0597125717296603,6,7.118639782873464
3,9.81141517512728,4.5938345703805785,1.0597125717296603,6,7.118639782873464
4,10.421116480973687,5.661496520018263,1.0687384478783701,7,8.434200768236826
3,9.428740472816408,5.080942251994538,0.9057925855512898,5,8.484771403379966
3,8.871998622938658,4.283792860410426,0.9960083260537251,7,7.1845108434225375
4,10.421116480973687,5.661496520018263,1.0687384478783701,7,8.434200768236826
3,4.73877252270481,2.311575372135893,0.8977301502545867,6,9.625435840551038
4,14.46644205524993,6.307352894692107,1.1214184300161412,8,7.810495214134937
4,6.851762972020811,4.092731244770469,0.8525440952403694,6,5.340094447830868
3,8.627551859361748,4.2496471182801825,1.0397035925626523,6,7.438887766741484
4,7.635249178290184,3.640509885893717,1.0708021437736357,6,9.740452325350354
2,4.056954506275903,2.14052437984216,0.6916208372387573,6,3.942601561052021
4,13.431652287981297,7.02747625792339,1.1967229728137236,7,9.035490270818514
3,11.12704942432125,5.264224410093225,1.0427440493707678,7,9.34707881495372
3,11.12704942432125,5.264224410093225,1.0427440493707678,7,9.34707881495372
3,4.362386624371259,2.2078233875955,0.6934036613637127,5,3.3753285879180512
4,9.085757442618643,4.647803492594998,1.1273326906223522,7,8.304087649786531
2,9.93311148908753,6.321277859829687,0.6554701158561878,5,13.66811938426756
3,5.933436425730572,3.6435515711957747,0.8422681292343188,6,7.7847495530294495
4,2.8472203640200355,1.207416239379596,1.2264155883703203,6,2.855067711420432
2,9.93311148908753,6.321277859829687,0.6554701158561878,5,13.66811938426756
3,12.721726793575693,6.8724547837095225,0.7173338111483393,7,8.471114480100862
3,9.492452984731639,4.291667749891866,1.0452830755312021,6,8.263456349543091
2,6.081404827533667,4.808207848630781,0.5131061859775198,5,10.150739852204659
2,6.081404827533667,4.808207848630781,0.5131061859775198,5,10.150739852204659
2,26.64442054515189,17.281098617778724,0.6483198580157603,7,25.69520784462144
3,12.400166811193195,7.085294280872278,0.9694883749273705,6,8.578585786198165
2,27.492103130533025,17.933724366884668,0.6459968948973636,7,26.3615675007318
3,6.105328372625497,3.8071564021012336,0.8879452824042451,6,6.936575171583232
4,11.296245765279153,5.061561122678195,0.997260203601421,6,6.837705065141699
3,6.105328372625497,3.8071564021012336,0.8879452824042451,6,6.936575171583232
3,12.177000566117375,5.761499750288842,0.9520756731378766,5,9.104096003130167
3,8.785963742957032,4.27928792289733,0.9902467267206496,7,7.394963206287452
2,7.319802921778063,3.7046759485390988,0.6930723458115724,6,6.656927102205289
3,9.729941395083141,4.099158725817043,1.059207898194008,7,7.5028177884109395
3,9.729941395083141,4.099158725817043,1.059207898194008,7,7.5028177884109395
4,10.77265327689323,8.971383829629405,0.5991737830983386,8,11.598756203313101
4,6.618981886485672,4.477604954996673,0.8915809792675593,6,5.294849634502782
3,7.607350206815921,3.628766155531165,1.0537995443751729,6,7.103248224118214
4,12.275042326708654,4.719240670750371,1.322133371981955,7,7.144854515849596
4,5.8631214476058755,5.07479114624526,0.49762339303763203,6,8.180293555331716
3,8.875807227374441,3.7601734625188294,1.0460426171013817,5,6.128499952736503
4,5.8631214476058755,5.07479114624526,0.49762339303763203,6,8.180293555331716
4,8.217347529631263,3.3445056197447367,1.0949626495558915,5,6.704936897731631
3,16.17418613880467,8.486139888437439,1.0210114132468817,7,11.92772332685057
4,8.217347529631263,3.3445056197447367,1.0949626495558915,5,6.704936897731631
4,14.752035300166366,7.7411158767520325,1.087047768950284,6,8.668387948504149
4,10.479473550265475,5.305212837726012,1.1499910370836188,6,7.105426331867495
3,10.197543113043823,3.759413870861478,1.0949311122517602,6,6.58735141862047
4,10.479473550265475,5.305212837726012,1.1499910370836188,6,7.105426331867495
4,13.091781973072395,5.920539766457682,1.2103999584208185,6,8.000600668472337
4,15.434489330461869,5.561215334946252,1.256476114084873,5,9.405115001918624
4,13.892183300313205,7.731918768593118,1.083660049541458,6,8.331744888685332
4,10.644282020342613,4.4746151532871234,1.1033333385194095,7,7.547950943096755
4,8.627172990081515,5.308209152019735,1.0317004501127163,5,7.311629839716198
3,7.162823873059251,4.080224239027535,0.9767499364843489,6,7.901867866535755
2,2.9575258414986445,2.720884773777225,0.278801577411581,6,6.264369268285103
3,19.299541599707986,8.755622883263008,1.0616179533197116,7,10.372416928135252
3,7.941754899028349,4.5326685917208405,0.9315953731797002,6,6.56461452862105
3,5.9910346931874905,3.300896089270077,0.9991832688946731,6,9.045407447085733
3,28.079790694946233,9.568397348935562,1.0981855141612802,6,13.406118999123368
3,6.289381381101187,2.829934161844383,1.0689585742805203,6,4.796242757294701
3,6.289381381101187,2.829934161844383,1.0689585742805203,6,4.796242757294701
3,6.289381381101187,2.829934161844383,1.0689585742805203,6,4.796242757294701
4,19.712591387187533,9.387719299656503,1.248518845135468,6,11.278102397936976
4,15.06026068083311,6.862783530511368,1.123988067672426,5,13.553476822575103
4,18.464159576415852,7.852063788329337,1.1683014832181873,8,11.322312292444213
4,13.424072567708013,6.2202549012597075,1.1223062924121117,6,9.342473924357822
3,17.344792738389135,7.13622059922288,1.085020983390897,6,11.12258315968783
3,7.350721772784378,3.354404259595378,1.0625543122225674,6,5.228389161923906
3,12.051817998793696,5.5479576907715025,1.06141645260458,4,8.967696956790483
3,9.873709616297457,5.656331140460634,0.8265716277128531,7,6.8356228369836085
4,20.046544776698205,10.49534638148473,1.1920696548054437,6,14.343824788905419
3,10.811268285014645,4.23329742775182,1.0905392187127076,6,9.149264477213448
2,5.765129216099558,3.322135900119343,0.6814746161730313,5,6.657291696519598
3,5.039302231062045,2.540566464933806,0.8568496103653171,6,4.565436960948177
2,5.305493945645537,3.7350899819086267,0.607433285118056,6,6.508774119107908
3,16.116222746249733,10.082222744346833,0.789241604230807,5,16.502729027984664
4,24.124346276255018,9.211051035095622,1.2979337356325578,7,10.253919449739605
3,5.763233667288471,5.4315840285170385,0.2503337175299578,7,6.913820299740987
3,9.710867057975157,5.727115145818035,0.9608844267142225,7,7.210512184010684
3,10.528399239459695,3.8983509695541056,1.0885814814037749,6,7.2667811952298615
4,6.162479158152157,2.7533613029223107,1.1667666418878646,6,7.143244016207924
4,6.162479158152157,2.7533613029223107,1.1667666418878646,6,7.143244016207924
3,9.753234230120468,5.391705335046133,0.9139669338153139,5,8.482272844317603
4,5.158113214429889,2.6275480639491486,1.1170423489146788,6,5.435591520642317
3,6.799926114591099,4.128280201782298,0.8164950803147975,6,7.046043739505388
4,8.11749133975069,3.2339371282799934,1.2554993119515951,6,5.462299985215573
4,6.260809252583735,4.078546139061867,0.8220957462927929,6,8.996571170970423
3,10.600958240720146,5.163013153700449,0.9005820259919817,6,7.694297318634546
2,5.603924303963987,3.350230044307264,0.6738791767517254,5,7.1692167915296565
3,9.620491000035113,3.894829440578213,1.0611283349848306,6,7.37875876756552
4,7.679855036385578,5.023932349605397,0.8698703282762068,6,8.561381691219651
4,9.769316960330244,5.822300929716731,1.0887679538986574,7,9.406925124540304
4,7.71147754853209,4.926265503673556,1.0436619148293964,6,5.399578934283538
4,12.490645301981457,6.124648289562651,1.1189834728914079,6,6.426254878729882
4,15.773059823868476,7.202763988909028,1.2070939180680111,7,9.147319238257076
4,15.092534462081375,6.049210387028207,1.0975635963810109,6,8.655314162276504
3,8.062331187117344,3.7969965328252453,1.0312589156169163,5,4.927485645445362
3,4.447172329427988,2.2865732434190704,1.0229897097206535,6,3.47853495036966
3,13.059496316945488,7.502816278904432,0.8817558218872645,6,12.090910215717717
3,8.062331187117344,3.7969965328252453,1.0312589156169163,5,4.927485645445362
2,12.838465892786296,7.605711707140234,0.6759671603885072,7,10.385611315121295
3,22.25380934479884,8.965836952470834,1.087895315990199,7,10.662959386169852
4,21.81539676035849,7.287479173318714,1.3529582357228318,6,8.430026542245658
3,4.557645495931146,3.0178540619295724,0.7535191177212663,5,4.455441886663424
3,6.158473242940006,3.6268664691875916,0.9612508800957986,7,6.747375023175199
3,4.761276144236746,1.9071453804865262,1.0613269310115359,6,5.63424128462624
3,11.744955798770878,4.788559459979769,1.074889154416544,7,7.349121456156993
2,3.2427535454048346,2.5762496744001755,0.5079823622686844,5,4.438678596657649
2,3.2427535454048346,2.5762496744001755,0.5079823622686844,5,4.438678596657649
3,18.26098827204615,12.622554577587211,0.8151159357841097,5,17.381504214222986
4,14.161105066686519,6.854884601908313,1.0596916086727666,5,10.274692596290965
4,16.038420847412034,7.022964353667659,1.248126642608883,7,7.828571673660619
4,12.341168957587858,6.2480774377599,1.0841240024101102,6,7.017282541496007
4,7.070153273311098,3.9238588241965977,0.920254873714029,6,6.208318028794396
3,3.3606521851339792,1.7037481376348405,0.6948022529079348,6,6.3270621131292115
3,5.004496535284679,2.594529946116947,1.023805555562563,6,5.993758962237863
4,12.845515647856516,5.282394854990253,1.1902787616221406,6,6.657963430868157
3,6.220343095743951,3.408688423039864,0.9884099976008957,6,6.385784684929762
3,6.220343095743951,3.408688423039864,0.9884099976008957,6,6.385784684929762
3,13.407049816991572,7.266089381988977,0.9622926942436243,6,12.169453989073347
3,6.584781244844277,2.6980051973809145,1.042902346831874,4,12.186326599695287
4,12.468485304470283,6.407003247543168,1.2237323052824394,7,12.176735962912765
3,14.005682809392798,6.473012410135648,1.0561074506251444,5,11.97139286861233
4,7.0624457525691735,2.5863330450383426,1.166513429394307,6,4.225044152317906
4,7.0624457525691735,2.5863330450383426,1.166513429394307,6,4.225044152317906
3,10.915956626551058,6.151679566589208,0.9870531023113989,5,7.757511589843812
3,10.440755507001564,6.2338912303558995,0.8103852450167522,6,7.499810910165585
4,6.888560544492385,3.137465629803106,1.0488960844729127,5,5.312930851787182
3,9.393356788698833,4.791544742414727,0.7133513280759158,5,5.590599149561809
4,12.07841812273591,6.296491794057172,1.2042807440106318,6,8.939830540880887
3,11.731886769146737,8.843469519580843,0.7259212857043484,5,14.68691939371254
4,12.07841812273591,6.296491794057172,1.2042807440106318,6,8.939830540880887
3,9.393356788698833,4.791544742414727,0.7133513280759158,5,5.590599149561809
4,8.773804683060376,4.06719949399121,1.2301365404505413,4,7.884921845951558
4,12.81791987383619,5.1617125504382235,1.3119360514334821,6,8.580335714245273
3,9.662185264711594,4.629094560523159,1.0420544353584513,5,9.667233502286578
4,14.979790648112402,7.963245814064898,1.1138120089483445,7,8.298321494785617
3,9.662185264711594,4.629094560523159,1.0420544353584513,5,9.667233502286576
3,5.232712853660339,2.6144013106489954,1.0047065997525166,6,6.377448121478382
3,7.902339127794917,3.8744721651814062,1.0460885762323486,6,5.8432900685520215
3,7.674919596703983,3.4859733511874147,0.9627183773940777,6,5.7979926908280115
4,5.485085512731153,4.105126372695606,0.7956023456300553,6,8.607709512410988
3,5.497506800468373,3.449155004607131,0.8942374875731065,6,7.824307799853745
3,7.674919596703983,3.4859733511874147,0.9627183773940777,6,5.7979926908280115
4,5.485085512731153,4.105126372695606,0.7956023456300553,6,8.607709512410988
3,7.257614505824449,5.848976975933873,0.6263142506986488,7,7.46830061639778
4,8.412141399434606,5.364360137216881,0.9438680051528818,8,6.330746106677085
3,8.622221871189515,5.664060317515263,0.7141808803142834,5,10.512466360997692
4,9.042754067684063,4.667018324547166,1.0573257557975533,7,5.522139788155698
4,9.042754067684063,4.667018324547166,1.0573257557975533,7,5.522139788155698
4,9.042754067684063,4.667018324547166,1.0573257557975533,7,5.522139788155698
4,9.48726849480897,3.7324204121940703,1.3246555263123676,5,8.615482907368797
4,9.042754067684063,4.667018324547166,1.0573257557975533,7,5.522139788155698
4,10.362137856929214,4.710230530762773,1.0063054431112224,7,7.269156843172192
3,4.076979642645696,2.49478937210603,0.7520337149831289,6,5.986247667147732
4,7.0462806300148415,3.016721607153469,1.2352436205245598,5,4.627865466062204
3,4.076979642645696,2.49478937210603,0.7520337149831289,6,5.986247667147732
3,5.462101990152487,2.790861820468727,0.8664814067726777,6,6.233630959204846
3,9.579565602674133,5.055444931767109,1.018673790528556,6,7.446406590538238
3,5.83232574768461,2.835919183363453,0.9998459460649186,6,6.719881132096029
4,5.999363776389575,3.0959632894878544,1.0412469288527948,6,4.367104816628096
4,12.038247669308134,7.35245221907299,0.8922042645693467,6,11.125336792972709
3,3.60972695549828,1.9396206499618738,0.8896707317740573,6,4.334812540209202
4,6.734800772859,4.156023895638077,1.0238524289105353,6,7.481875790024329
4,6.900094877581524,2.54281644955675,1.2570477740308061,6,6.01978983429319
4,6.900094877581524,2.54281644955675,1.2570477740308061,6,6.01978983429319
4,9.888385032131858,5.025376472066187,0.9000988073860197,6,7.247885491123387
4,10.291136589845483,3.6641837966664084,1.1973767367813897,6,6.842136548397056
3,9.390716088155504,4.2911281874067235,0.9282873203102828,6,8.289835402855324
4,9.04177169851736,4.8598796996156235,1.0434485642983473,5,7.644957127966311
4,11.610941910335614,6.418926761013454,1.0035955894517137,5,9.148490048362925
3,7.104870581323704,3.3692830075578337,1.0303422180254511,5,4.307177958153886
3,25.448605251601382,10.004504662120718,1.0855510772334722,7,14.263223155541118
4,5.688174653867465,2.854226460796308,1.1406767619602052,5,4.404373191975346
4,9.783432719749205,4.440273784049329,1.1672538361454465,6,6.972125189481366
2,8.631850514424757,5.618133678469592,0.6469121014657999,5,11.614071520793532
4,5.688174653867465,2.854226460796308,1.1406767619602052,5,4.404373191975346
4,8.98867171973279,3.5517366600315197,1.296083817855413,4,6.278136666572639
4,16.910271648152168,6.78092135997831,1.2228251150699296,6,13.646661804731211
2,13.041418464603973,12.989902651534628,0.025802582454726882,4,18.832216266907743
4,4.9236101831571535,2.8447054174181425,0.858758823285092,6,6.772015366839653
4,16.910271648152168,6.78092135997831,1.2228251150699296,6,13.646661804731211
4,8.541403200182526,3.737229221016528,1.230988671659994,4,6.722424360326403
4,8.206596157214998,3.9587038776773626,1.03832095518794,4,9.148979465077701
3,15.981065660235696,6.7506158960766465,1.0645110700926403,5,8.820482203113396
3,5.960244655360567,3.045119473890387,0.8522365632010707,5,5.951264230066565
4,12.812228009920753,5.436215069552379,1.1553151879000054,6,6.573333275149928
4,5.956346246523362,3.0487368077786288,1.016696736270184,5,5.925987852794919
2,19.84720528340613,17.892381829183854,0.32176049501809123,6,25.73741000883922
3,5.9566518705397655,2.5836063786205283,1.037714273221613,5,3.753999062300134
4,7.731757568086542,4.223032809811866,0.7936652169831417,5,7.5439268275477485
3,5.9566518705397655,2.5836063786205283,1.037714273221613,5,3.753999062300134
3,7.56965404185692,3.532494992438261,1.0307669848535854,6,4.7547314552875415
3,5.604231586047097,2.2059538735820627,1.0824780460787649,6,5.49041161591197
3,5.604231586047097,2.2059538735820627,1.0824780460787649,6,5.49041161591197
3,6.167258543646068,3.202818763846688,0.9347206799018859,5,3.6428983982059213
3,5.733175297854053,3.091372194163396,0.965146504747494,5,7.136329108716481
3,6.959334666374888,3.419114194981213,1.0337829827914926,5,7.7884459465645435
3,3.295703821077082,1.3115513881464174,1.0823217388865334,5,4.766831166111391
3,13.159544261402033,4.976326585562121,1.0921092013798634,5,7.712639014211986
3,16.653550890741126,7.7668052168380814,1.0254759057549574,5,9.666001365462344
3,4.424448442570188,3.0945890905747566,0.7653075325848767,6,4.886724172102829
3,6.764901991152627,3.1286407369171836,0.9231146616021607,6,5.754271523622937
3,6.764901991152627,3.1286407369171836,0.9231146616021607,6,5.754271523622937
3,17.541501808474955,12.94176564426304,0.7569943306159101,5,21.726849075815434
3,10.568949239121771,3.839339299921027,1.0927419387641581,4,10.183841905213965
3,6.837335889830756,3.9437881053824686,0.7018155263351242,5,7.01068581630418
4,8.360496112818886,3.389435705522005,1.2904007568266307,4,6.673646973515731
3,11.696956318428022,5.555486277312752,1.048895269165524,6,5.633973792589827
3,3.068164001765976,1.4572459038712042,1.0180960085646302,6,4.102457718976351
3,3.068164001765976,1.4572459038712042,1.0180960085646302,6,4.102457718976351
4,10.719905094701303,4.3072525999752145,1.0896503186982045,6,7.9553627562056555
4,6.992229010701416,2.9633333203107775,1.1223137474241938,6,5.695189367356965
4,27.52228089172577,9.805420423378015,1.1099318230404815,8,15.006279942518141
3,29.13187723583593,11.274879795782633,1.0895106568761543,6,15.617993938109079
3,13.288998025951003,5.668082542513332,1.0797347920077744,6,6.951141753739135
3,11.894050863457537,4.481854312796816,1.087046693062459,5,7.515942206985054
3,15.131560729759354,7.088874259870618,1.0371699533788714,5,7.836948688090441
4,7.550385807514598,4.404874070515849,0.9411675752277149,6,5.797464516413569
4,5.961561363180148,1.930001908093363,1.262812678221024,6,6.567660654095395
4,9.044207274126034,5.891284268129358,0.9575311887982925,4,10.38113408523489
2,5.107504079084194,3.3566841854969036,0.6428711138713701,6,7.184146563919988
4,5.961561363180148,1.930001908093363,1.262812678221024,6,6.567660654095395
3,10.83504044245477,5.894264535987309,1.0048109217784085,7,7.889437554624572
3,3.966287494564143,2.9187753699154046,0.6229125835854822,6,4.251657056646239
3,3.966287494564143,2.9187753699154046,0.6229125835854822,6,4.251657056646239
2,2.9719006630227613,1.5031534259150843,0.6930801636707202,6,4.992641259187373
2,2.8987285255866952,1.9383753058210313,0.6350965374169529,6,2.9100545823716795
3,6.5102530002549255,3.045197499834147,1.0556471185791811,5,4.997735029835672
3,4.871693865197945,3.2900629965355592,0.8007167457559612,5,5.218085184636009
4,13.611850450577531,6.993514382825722,1.041341176730943,6,9.65936581792564
4,18.28138771502104,7.026273932706296,1.3239238284335482,5,14.399850284840074
4,21.287090271859732,8.981943024771272,1.2177937714256704,5,11.312059956902148
4,21.287090271859732,8.981943024771272,1.2177937714256704,5,11.312059956902148
3,5.047192442753092,2.5376677813343598,0.7118267228444015,5,6.671720730037913
4,3.38285437369838,2.247884380320646,0.8222453270196117,6,5.2138024838670365
3,15.053823638519225,7.303961818033068,1.0260536051479177,6,10.234548885790797
4,6.404172334543066,2.9409305132514203,1.123223462709849,4,7.484499562773732
4,3.38285437369838,2.247884380320646,0.8222453270196117,6,5.2138024838670365
2,15.437180443480479,9.64267839689797,0.6617469247656302,5,10.239958063735944
2,15.437180443480479,9.64267839689797,0.6617469247656302,5,10.239958063735944
4,11.257256030807177,6.116252249539272,1.0963986853515684,6,8.415641848935337
4,12.86242992786346,7.050567996091829,0.9718883847694906,6,12.174902851060025
4,6.974914851146879,3.8971461539771126,0.9966587884684243,3,15.077730959569191
3,19.915212915060245,8.479853978890324,1.0795656852079882,6,11.346124464306918
3,10.849322834698578,5.6405547910025895,1.0060540219374607,6,8.469048626499347
3,8.498159983119287,4.944277723345845,0.9302320620017104,6,6.016256799226493
3,7.523505011093945,4.261724312477753,0.9135053747776972,5,5.970865415081672
4,11.8361233597761,5.343316707260462,1.0819440845100328,5,8.18542920963564
3,7.258126822251686,3.998908832716797,0.9305039231776681,5,5.35799897420827
2,5.229404435592534,3.5971910051904374,0.6207881953412333,5,4.763619873595774
4,5.75048556553233,2.274619098151393,1.081769484282138,4,7.127098225456877
2,5.229404435592534,3.5971910051904374,0.6207881953412333,5,4.763619873595774
3,8.552903603163662,4.25108132209212,1.0317179185819887,5,5.453593442597484
3,7.258126822251686,3.998908832716797,0.9305039231776681,5,5.35799897420827
4,15.486096437737833,7.178399818079384,1.2260842476071794,6,10.207916591882604
3,5.057519818068224,2.285898260494325,1.0540172100952707,5,8.874978325145882
4,4.9884685411973155,2.99487097208093,1.008751638411717,6,4.592144406622223
4,5.130572296615459,3.188669711666624,0.9432299313749295,6,5.494734132863533
3,5.528153831051635,2.556302203637036,0.9131442359476449,6,5.262644172517421
3,27.082994995276216,11.698907169041401,1.0692806299715156,6,16.183280588713053
4,10.006930581300313,4.011489003249524,1.201389546198891,6,5.3279279431001925
3,5.528153831051635,2.556302203637036,0.9131442359476449,6,5.262644172517421
4,23.397824446638413,14.059778086299662,0.9903564699356282,6,26.095578956659406
2,5.270640022991508,2.8738922830603046,0.6890438361666984,5,4.513740269546854
3,27.082994995276216,11.698907169041401,1.0692806299715156,6,16.183280588713053
3,9.910001218958818,6.470614961907131,0.7850181840459313,5,7.1278689545732625
4,7.246461410488456,3.9585787432235673,1.0080303901771175,7,6.50201617717005
3,6.441035901563326,2.8410927707155773,1.0634773074031885,6,3.9770649315688145
3,6.441035901563326,2.8410927707155773,1.0634773074031885,6,3.9770649315688145
3,6.441035901563326,2.8410927707155773,1.0634773074031885,6,3.9770649315688145
3,6.441035901563326,2.8410927707155773,1.0634773074031885,6,3.9770649315688145
4,8.850178505012941,3.323287559418592,1.2508811574778784,5,5.325950669947678
4,5.61454178656207,2.722949124058591,0.9072813437344922,6,5.117915664771017
4,5.61454178656207,2.722949124058591,0.9072813437344922,6,5.117915664771017
4,9.038219221744775,4.872747845450061,0.931507495000593,5,9.61582630650729
4,9.513932266126691,3.8667822826106866,1.1348030590395648,6,8.907513417774219
4,7.648678488746935,2.7167055030620557,1.1765685458329322,5,5.7596986718119245
4,4.656540586691348,3.617512113255829,0.7426229308071465,5,8.771118278323002
4,14.033914187050964,6.4330673557589835,1.230596568328097,6,8.595052878330698
4,9.41352873772611,4.501502617512152,1.126915086806132,5,7.958478166573004
4,9.41352873772611,4.501502617512152,1.126915086806132,5,7.958478166573004
4,9.41352873772611,4.501502617512152,1.126915086806132,5,7.958478166573004
3,4.120862015060944,1.5776582417319245,1.0761576225984228,6,5.469175400275896
3,4.120862015060944,1.5776582417319245,1.0761576225984228,6,5.469175400275896
3,4.120862015060944,1.5776582417319245,1.0761576225984228,6,5.469175400275896
4,5.022309447191894,2.648048516037205,1.0477830812745756,6,5.13528446236193
3,4.120862015060944,1.5776582417319245,1.0761576225984228,6,5.469175400275896
3,10.474675980502642,4.953559363773465,1.0492197875954932,5,6.900233023266572
4,4.542259656410911,2.2617921758187904,1.2189836918657198,6,4.504655357607505
3,8.285208717463764,3.1685960047104658,1.0929529553468154,5,9.585005444847267
4,10.740404667283805,4.194775118181543,1.3283718941748506,5,8.547247030904343
4,10.740404667283805,4.194775118181543,1.3283718941748506,5,8.547247030904343
3,6.911927291293879,2.3867152515766814,1.0978987643045546,5,5.073184163202586
2,6.897135088177155,4.150055669065386,0.6723133924821633,5,5.135461099140208
4,10.148107196093001,4.183853976903228,1.0537960335768655,6,9.317365282878542
4,7.025990128609242,2.6574688263730692,1.2051373218594859,5,5.397284550968975
4,7.025990128609242,2.6574688263730692,1.2051373218594859,5,5.397284550968975
4,4.807498685250351,2.443440428492263,1.1267763091975707,5,6.1922941601575605
4,7.477084664680312,2.556156292738813,1.2578420840042281,5,8.198443097502196
4,7.5806579777931695,2.6026749441229478,1.2386042572018812,5,8.314328002173614
3,8.151047541575096,5.0322337209898365,0.8915846476697571,6,7.620089425208864
2,12.718979961846266,9.33646162915946,0.579181342304492,5,13.089024329400203
3,6.905154707930027,3.0383588246126596,1.073030710928629,6,6.73786161578131
3,5.4957523146521705,2.3904780616423653,1.0761535827919149,5,3.2984100294672345
4,2.8270860885404145,1.4803574985461339,1.080266220661507,5,5.859188453350226
3,6.905154707930027,3.0383588246126596,1.073030710928629,6,6.73786161578131
4,6.204473869569599,2.663876517302577,1.3058670402508512,4,6.484495038592875
4,10.143036465288791,4.080880183796413,1.1729204204963406,6,7.329555657000178
3,7.396779935556426,3.7272809166891694,1.0122507143059307,5,4.31171781638458
4,6.461868951832246,4.1634451581912,1.0089268279867076,5,5.858366130351382
4,22.312142989585656,8.13851538518297,1.284134120442452,6,9.686817999079075
4,5.866803365871105,1.7751316261214627,1.3233644676390097,6,6.033118566030797
4,10.330461298441817,4.414518464622011,1.2034057738680213,4,9.94942795124485
4,17.68726556613497,13.332164596116971,0.7300308217699094,5,23.01790891759589
4,17.59542278203607,7.948330900638115,1.2526599915573067,6,9.144466588845786
4,17.68726556613497,13.332164596116971,0.7300308217699094,5,23.01790891759589
3,10.627157094768279,6.429825585026346,0.7833500682560737,5,9.249967748993678
3,7.574599791025485,6.478417494322737,0.4196008842635496,3,12.192242000912163
3,7.749146783407192,3.757748534347882,0.9127520446867592,5,5.677524544448376
3,9.612784471310626,6.373775418595454,0.6726055967491706,5,7.942513369887228
3,15.313349174479963,8.07252615133849,1.0142153199460293,6,9.859477556288716
4,5.805677411951884,2.261494205019895,1.338130712042496,6,5.0115668364229915
2,2.4835806167605172,1.5778547047606724,0.6560665261941141,6,4.439948797750352
2,2.4835806167605172,1.5778547047606724,0.6560665261941141,6,4.439948797750352
4,10.122577713698414,4.845830059026845,1.1410040823167655,5,6.826518333040717
4,7.810513643033875,3.9233129747827866,0.8636825666365934,5,6.954156649264437
4,7.810513643033875,3.9233129747827866,0.8636825666365934,5,6.954156649264437
3,7.510114525764404,3.3922081122832024,1.0579743482205977,5,8.115340593568183
4,12.24921097483686,7.10996425446943,0.8925567873384936,5,9.16253131955466
4,4.869638519405503,3.232479716536794,0.9498496839116972,5,5.71550215966307
4,4.869638519405503,3.232479716536794,0.9498496839116972,5,5.71550215966307
1,4.935461550109541,4.935461550109541,-0.0,5,5.953483184235546
3,12.14198416434425,6.572171348955907,0.9403070415089434,5,9.815176065360584
4,15.581372238352477,6.82282056291101,1.047823397977407,6,10.770622487054474
4,4.885719537759245,3.034478430593417,0.8729589711161543,5,4.460424271039168
4,7.3518566097061155,4.553811636101566,0.9728106402339427,5,9.069632160639038
4,7.947469852088639,2.6964679099618953,1.2898297529092437,5,3.2560227857730575
4,9.744177810778833,4.452369904720792,1.1756007505794719,5,7.193134733866863
2,7.083918139213055,3.8797254799447636,0.6885933592977309,6,5.786833535438305
2,6.736413702874705,3.678060889947847,0.6889097652966019,5,5.802391024164457
3,7.419976386092619,3.5467708344107267,0.8557026442098752,5,6.133427026805004
3,6.771129018203034,2.7662046507418836,1.0510006943079286,7,4.7258121772767865
3,4.131812613511489,2.886961207889617,0.8199403987919052,6,6.367380893818406
3,10.698248793385673,6.0591525534777375,0.6982521637301813,5,10.126262843228757
3,10.698248793385673,6.0591525534777375,0.6982521637301813,5,10.126262843228757
4,10.813091499959697,6.749059462714218,1.0697763359845753,6,7.68747955909182
4,17.3942349036456,5.698269085750692,1.3329405629157742,8,10.29850245794145
3,6.544338084334489,2.66405156140799,1.0840374848564953,6,3.8167668551486766
4,10.859724912124765,4.750600740683322,1.226873318713084,7,6.685834207394758
4,9.814341661192689,4.241167692180259,1.0263389019215086,6,9.8274138870661
3,14.557650956451447,7.281634202876763,1.0307409339996296,6,10.182388640440994
4,19.45699128186046,8.796967515085324,1.2516824352832363,7,10.143138398765267
3,14.557650956451447,7.281634202876763,1.0307409339996296,6,10.182388640440994
3,12.130000372340277,6.305367787902883,1.0251593851114584,6,12.034417432162446
3,7.366561762659801,3.5365755572677124,0.9852444046113372,6,6.638255814513705
4,9.814341661192689,4.241167692180259,1.0263389019215086,6,9.8274138870661
3,11.787992669938257,5.546342814023028,1.0352982756561155,5,8.136646486675028
3,7.964716625935016,3.1023639149768307,1.0913842765502757,5,10.12255576176613
4,10.41399118700863,6.711995860972703,0.9803690802415739,5,7.6422209713492055
3,7.964716625935016,3.1023639149768307,1.0913842765502757,5,10.12255576176613
4,11.52008341120769,4.235350538206861,1.239391822054705,7,6.5996081559217386
4,7.743884095898728,3.8951727131914042,1.0432006195752062,5,8.812685646094433
3,11.247745779779482,6.17337249016952,0.8038725527435181,5,9.886655492592684
4,7.743884095898728,3.8951727131914042,1.0432006195752062,5,8.812685646094433
4,6.0934369803976836,3.015171174793003,1.243930779897786,5,5.451450761159446
3,8.91823305533999,4.303556240895998,1.0278333459374944,6,9.728946281960253
3,6.588013803332387,3.41516265489989,0.9615509834025829,4,5.806642797750055
4,3.6778152294896844,1.8055744886625664,1.065778800630214,6,6.565800347095053
4,3.6778152294896844,1.8055744886625664,1.065778800630214,6,6.565800347095053
4,9.416889999592534,3.73117477509849,1.1561140912904158,6,8.031372688507576
4,6.03699299180767,3.6202757718418557,0.8893133145416247,5,4.6413940282220985
3,2.233331590033104,1.456768859637168,0.8788263993379433,5,6.255435217352967
4,12.209841542423998,5.593907137888719,1.0581325591528932,5,9.021629962921338
3,2.639681113890415,1.5630938202026712,0.9417100690428616,5,3.778097319705347
3,6.930621028456823,3.0338016123845613,1.01934194835889,6,3.8760025509771996
4,9.689872827247907,6.0544687591412005,0.9549638801519009,6,10.886074649869562
3,5.87063848654009,3.2238673002924467,0.9265762107923052,7,4.5358805238225415
2,17.665268852303047,14.564737123288058,0.46452513638008686,6,30.45562474427897
2,17.665268852303047,14.564737123288058,0.46452513638008686,6,30.45562474427897
4,9.522330930250348,4.203829372264781,1.2888078271768986,5,12.17658352376818
3,5.248717036072989,2.1600370229863817,1.0825687463453435,5,10.409818188767996
3,6.925115843716799,2.876505498027212,1.055745257489311,5,8.34568141847536
2,5.563181119305399,3.8406847636742434,0.6187997722215879,6,7.9987985677685245
3,8.545999918024798,3.7943463102626485,0.9921694018302285,7,4.938406273003561
2,8.629872187199451,4.324344252553815,0.6931448035505123,6,9.212601183754884
4,4.041423466671848,1.8892469586271488,1.1653620374427023,5,5.434833119864914
4,9.743427470555735,4.266657918369823,1.1476772566704767,5,9.936911896188116
2,5.590530414055987,3.820595935791378,0.6242762425685091,6,8.057581207301656
2,8.597275979239324,4.305527934645637,0.6931458960426423,6,9.160718774732462
4,4.041423466671848,1.8892469586271488,1.1653620374427023,5,5.434833119864914
3,4.48975550805202,1.981621597342615,1.073456613758972,5,5.672169276957944
2,9.411732440648832,5.584332957889217,0.6756208029263482,5,7.161438713005886
3,9.20546905127065,3.9557327485897398,1.0155322998476102,8,4.923952882489852
3,8.545999918024798,3.7943463102626485,0.9921694018302285,7,4.938406273003561
3,4.872987800023694,2.6931633719600003,0.9456640283641002,7,6.5817347328584495
3,10.785702882975723,5.506804661868994,0.9935859601250685,7,9.260412669356882
4,9.892825020112792,5.490182287186282,1.029958181760869,5,6.527916489950151
3,6.226200484710614,4.3897919447129325,0.7160088432859988,6,8.260905488365182
3,5.956119351442912,2.1900141282906116,1.0958581102877165,6,9.117938948605937
3,16.007069000697836,8.94762137622871,0.991864934070481,6,9.267603689205648
4,9.892825020112792,5.490182287186282,1.029958181760869,5,6.527916489950151
3,4.153290816568385,2.7737890654992325,0.7096980101542659,5,4.909400230593461
3,11.294927243353222,6.710097523700782,0.945518556063893,7,8.425250018067208
2,5.42566467270864,2.843963900315199,0.6919784676886098,6,6.6261345041194755
3,9.35557887209379,5.152256325668163,0.945340845256122,4,7.398965137126016
3,3.3745271988550556,1.275522769411192,1.0941490642884288,6,4.556992552170998
4,4.956893308145566,2.197938821995657,1.0889172997698662,6,5.046722739655773
2,5.995514145717463,4.671448015289196,0.5279725970709725,5,6.3447026733026455
2,5.995514145717463,4.671448015289196,0.5279725970709725,5,6.3447026733026455
2,5.617555872370481,2.811263969735773,0.6931467888638683,7,4.353311891225976
3,4.74208477666072,3.6574059123739167,0.5387411640967487,4,8.71984035060679
2,5.617555872370481,2.811263969735773,0.6931467888638683,7,4.353311891225976
4,3.133466404201083,1.798979410596122,1.070161425017762,3,7.483680809519121
3,15.061521877930335,7.104471224932213,0.9954022987822462,5,10.113339763745191
4,13.681295121812855,5.284123249007485,1.2426431820647637,5,11.563416242200953
3,6.133323396266315,2.7783310650056703,1.0209492963662592,6,5.835272839819869
3,9.387185273185347,3.972692246344906,1.063875943231556,5,6.859933276454442
2,15.758356416702597,13.25720195567932,0.4375399828101827,5,25.576650861873496
4,25.351285210000626,9.111461609645502,1.0977425027870777,7,13.013686061356125
2,15.758356416702597,13.25720195567932,0.4375399828101827,5,25.576650861873496
4,25.495630070172542,9.16208840939672,1.1017376175216647,7,13.070756022387862
2,6.898379747684768,6.633593594952819,0.16277337526050512,3,8.877986523414876
3,3.144104078267313,2.2711715553577783,0.7145130046031274,5,6.953995416738605
3,12.360518628248482,5.510500559075961,1.058447293833828,4,8.960612653820704
3,3.144104078267313,2.2711715553577783,0.7145130046031274,5,6.953995416738605
2,5.689910996054957,3.7837333749321207,0.6376700899923842,4,6.2625461815202055
2,4.289978447864934,4.0017444838219,0.2463029972039461,5,6.111495815350649
3,6.398055376109216,2.5861854645362032,1.0570016240081808,4,8.722156371040798
3,6.503283911830659,2.770994472645806,1.0640714675846294,5,4.800195824014335
3,4.262262490529841,2.2835483968465753,0.9813647048507794,5,4.815187050828007
3,6.338638712332383,5.1779717053981695,0.5270833701882287,5,7.393067735949593
3,14.670180159624364,5.337973148573251,1.093702884463965,5,11.634407000620687
3,5.764156648276088,4.368352246989671,0.7175135017978624,6,8.300297685369928
4,13.637538998355344,8.57501121887286,0.9824960627508151,6,9.3804668055176
3,14.670180159624364,5.337973148573251,1.093702884463965,5,11.634407000620687
3,11.553771330955405,4.475218856062309,1.092205194988492,5,12.014704030540905
2,11.799832082105759,6.115132241626295,0.6924817164825583,5,7.963014526886133
3,6.480054869337386,3.881281304387561,0.8960568476898019,7,6.039888793887506
3,5.9640653945519215,2.8831668973407165,1.0121418260258044,6,6.041025805709058
2,11.799832082105759,6.115132241626295,0.6924817164825583,5,7.963014526886133
3,5.54727124398088,2.2580659319737273,1.086708949644383,6,8.829700337974298
3,7.560738312610445,2.673467818341558,1.0968457868808057,6,7.8138343113969135
3,5.54727124398088,2.2580659319737273,1.086708949644383,6,8.829700337974298
4,6.452213367395826,3.8659057887810357,1.1022233463694913,5,6.926078665996883
4,6.142652480297148,2.959080587743588,1.087908880256494,5,8.589454384001566
4,5.7340135922687345,2.0551145196089733,1.3372943897099816,5,3.6574335614393574
3,6.935812284651437,4.170936800715652,0.9142363459536071,6,6.575050955143247
3,7.486589915183767,3.9267945304149143,0.7906186376105873,6,6.5250225804696225
3,8.415055337044295,4.62972264671257,0.9808787612718202,3,7.001006489631554
3,5.860838342861711,3.0334217874225544,1.0047536015648597,6,7.691475919580424
3,7.486589915183767,3.9267945304149143,0.7906186376105873,6,6.5250225804696225
3,2.0209170787875985,1.1451456451310715,0.9706255658059082,6,6.969014343513036
3,7.171088975758544,5.088606163146148,0.7655579767376929,5,7.337856870411724
3,8.117298859779392,3.812419294668419,1.0552643340233532,6,5.856057117696535
3,4.608849197504032,2.540535260180249,0.7096538881728629,5,5.039927668640377
3,6.778127934366949,3.3053378381971035,1.0129065014178915,6,6.398287220569756
3,11.045852023045972,4.648212911594218,1.0484193199437586,6,5.766201104428671
3,9.870075390205644,4.508829905259358,1.0511734550010294,6,8.058187145210397
3,9.794916199116361,4.478306520633112,1.0504126138263052,6,8.050364874463416
4,13.177801346096716,4.69808590955464,1.2818196531320272,5,6.26433452423466
3,7.118612159766175,4.64214841615121,0.8665426542947837,6,6.805467831551709
2,3.716604215345285,2.4213080277268118,0.6465231672943568,5,4.238788668499332
3,3.405568896586261,1.664424747139253,1.0413986567164568,5,5.133462623346619
3,7.118612159766175,4.64214841615121,0.8665426542947837,6,6.805467831551709
4,12.945604403433306,5.215900942779241,1.2990588635947518,4,6.644350408882977
4,13.177801346096716,4.69808590955464,1.2818196531320272,5,6.26433452423466
3,5.431681080968111,3.2897994536271993,0.8726596967298723,5,4.677123304283378
4,5.8544264468372695,3.8887278411251063,0.8588354573503694,6,4.494258785480259
4,3.966453030526595,2.8482964888198623,0.7828366407197892,5,4.636602997531963
4,4.205039030691032,2.5062029581666234,0.9963068699686304,6,4.8950301177848665
3,2.714389627488496,2.1392229021543936,0.610573653354525,6,5.326300392263981
4,0.8042258262623962,0.3181078735059304,1.2649378633585948,6,3.9767417671111778
2,8.63617498497021,6.789931257316875,0.5189223509225893,6,7.239232363209716
4,5.567018389437273,4.364349827766532,0.7262101114085077,6,7.161694133308773
3,9.298414199622037,4.784786601259107,1.0090096284716483,5,6.032578601110502
3,4.26490295452444,2.2081956214422016,1.0266937622378023,6,4.736496804496492
4,8.468314554163188,4.835652195996751,0.9769447862813772,5,8.149751946154655
4,8.295393171730082,4.18925274875291,1.0697216947392332,7,7.611450749197488
4,4.927466986179317,2.3808973078126083,1.118315338841664,6,3.965609977204983
3,10.690809870050263,5.41079809134051,1.0309468441980911,6,6.014707962355645
3,7.99866893801121,4.594493341289164,0.9602036732583394,6,5.269630361889487
3,12.51072199695173,5.089913854578474,1.085132270256236,5,7.485117792801622
3,8.853770399386075,4.206476051066701,0.9467068107396308,5,6.641076269604287
3,10.294858684561076,5.038046754450809,1.022155473619993,6,7.329817970151165
3,4.277905842978736,1.945062446032956,1.0670037210857748,7,5.385401747145874
3,6.072262357267612,2.7062391270700314,0.9786565145982686,6,7.56117183438809
3,4.82269028639419,2.464834764065942,0.9728186746255396,6,4.100061187425711
3,8.43104190009017,3.1091104571792085,1.0953026788210845,7,6.666239385459623
3,4.062197317440319,2.3529169748519427,0.9682976435918966,6,4.2422448878268115
3,2.306715117880412,1.7273851060885845,0.7323701935678882,5,4.890672406938287
3,13.74970758580636,5.175827160770511,1.0944428295062714,5,11.260933562630026
3,6.821851922207778,3.825469901558625,0.9777986451226712,5,5.6450855597249685
3,8.652411199958834,4.230703584917326,0.8954975497769231,8,5.549272804940687
4,6.948554805641132,2.94846727731664,1.1583179335589795,5,6.559744898434365
4,7.340549091796957,3.3104244123412903,1.1554913001281628,5,6.252729151499919
3,6.690245376313121,2.8060189287494137,1.07948900033418,6,8.955566528188019
4,5.9936514009811415,2.5961161868465936,1.0639527653657925,5,5.902823227288101
3,6.68148514490487,3.2603181223985755,1.0475630228031383,6,7.662422837411072
3,5.707600273625799,2.9698420281063442,0.8278407848127001,7,4.5074741200221435
3,7.646952941858722,3.3819030309792986,1.0215924842987016,5,7.0493164632977265
3,6.68148514490487,3.2603181223985755,1.0475630228031383,6,7.662422837411072
2,14.168266806493847,10.575903942664306,0.5662016264473262,5,19.571007445132217
3,10.973569026884299,6.026539508739351,0.7737253259360617,5,8.277793257939507
3,10.973569026884299,6.026539508739351,0.7737253259360617,5,8.277793257939507
3,10.973569026884299,6.026539508739351,0.7737253259360617,5,8.277793257939507
4,4.270039272723137,2.250911486523993,1.1346601703937043,5,5.2858433401875144
4,4.270039272723137,2.250911486523993,1.1346601703937043,5,5.2858433401875144
4,4.270039272723137,2.250911486523993,1.1346601703937043,5,5.2858433401875144
3,6.9609077053595,3.397505129843953,0.9985673561564249,6,7.069445777152888
3,5.350535630909496,3.4744761286528227,0.8867139036774083,6,7.420206382859026
4,4.270039272723137,2.250911486523993,1.1346601703937043,5,5.2858433401875144
4,8.354703097429407,4.132245893709017,1.2033773921657753,5,4.692084271896671
3,9.960949061452254,3.8709681124587636,1.0898118004718982,6,7.5094108357892235
4,14.462637834166216,8.39045567865082,0.9815997898809625,6,14.140658598553799
3,5.514607637918764,3.8425879451222205,0.7849709730802763,6,6.280925718328201
2,11.233536455673732,6.763710591783851,0.6721510603768507,5,7.426435892732683
4,14.586337633244668,6.796662620132999,1.1696556111071426,6,8.548431446912275
1,15.416906709952338,15.416906709952338,-0.0,6,18.86654110900744
4,8.952133661276044,3.9367904710969395,1.1385560846991325,6,6.196765651087108
3,3.3047576012399946,2.4151059971927435,0.6272041064521388,6,6.871097278891471
3,9.337423832499391,4.653714756396594,1.0359109994005122,6,9.888764391931891
3,7.423133961903112,3.6084690108335287,0.9250099690643836,6,5.121683552255838
3,12.868956404762612,5.414638871175217,1.0798806991569512,5,6.853973542588815
4,9.597010688713734,5.297510463571031,1.1751132477514719,6,6.495167511210421
3,12.868956404762612,5.414638871175217,1.0798806991569512,5,6.853973542588815
3,13.166602794755683,5.998965002870898,1.0643180258047105,5,10.280806163025424
2,7.333322261480964,4.418582842493629,0.6719704430848827,5,6.691902901395657
4,8.981257663368154,5.086556145157949,1.0670939052355273,7,6.7891512554868605
4,10.420604588893974,4.836875614399113,1.2615157676072062,6,5.61380683091522
4,10.895665384115864,6.091034059596954,0.9854294101499361,6,7.1475949310032005
3,10.042351931398557,3.82967120363061,1.077572093693695,6,5.915429519399908
4,15.565240286190633,6.006874178813173,1.1172973801236865,6,11.77597668190537
3,8.675091717060901,6.7303154912161824,0.5663775899408229,5,12.47628074380532
4,10.498100484901926,5.581757859288658,1.0039461717903322,6,8.459850843425334
3,16.25797732033896,6.536619552815537,1.0879175315374776,6,8.770148817917171
3,6.977618432589841,3.320979642762488,1.051649391686388,6,5.504063457108614
3,8.575275930964466,4.461739343052314,1.021933933924467,6,6.489819215289453
3,7.712981373254265,5.136313020375923,0.865901000971288,5,6.348786321147543
3,11.782972324174008,6.52638512335267,0.9952902600814317,6,8.521006159904529
3,6.977618432589841,3.320979642762488,1.051649391686388,6,5.504063457108614
3,9.074646555283628,5.733485246068884,0.91309352410673,5,7.458665839101277
3,3.7369773892710776,1.754929290100824,0.9066284918208625,6,5.612410895477738
